sentence,video_name,video_path,exists,fps,frames,duration,width,height
are you free today,free (2).MP4,C:\Users\nisho\OneDrive\Desktop\ISL-rec\data\raw\ISL_CSLRT_Corpus\Videos_Sentence_Level\are you free today\free (2).MP4,True,25.0,78.0,3.12,1920.0,1080.0
are you free today,free (3).MP4,C:\Users\nisho\OneDrive\Desktop\ISL-rec\data\raw\ISL_CSLRT_Corpus\Videos_Sentence_Level\are you free today\free (3).MP4,True,25.0,98.0,3.92,1920.0,1080.0
are you free today,free (4).MP4,C:\Users\nisho\OneDrive\Desktop\ISL-rec\data\raw\ISL_CSLRT_Corpus\Videos_Sentence_Level\are you free today\free (4).MP4,True,25.0,82.0,3.28,1920.0,1080.0
are you free today,free (5).MP4,C:\Users\nisho\OneDrive\Desktop\ISL-rec\data\raw\ISL_CSLRT_Corpus\Videos_Sentence_Level\are you free today\free (5).MP4,True,25.0,117.0,4.68,1920.0,1080.0
are you free today,free.MP4,C:\Users\nisho\OneDrive\Desktop\ISL-rec\data\raw\ISL_CSLRT_Corpus\Videos_Sentence_Level\are you free today\free.MP4,True,25.0,101.0,4.04,1920.0,1080.0
are you hiding something,MVI_6209.MP4,C:\Users\nisho\OneDrive\Desktop\ISL-rec\data\raw\ISL_CSLRT_Corpus\Videos_Sentence_Level\are you hiding something\MVI_6209.MP4,True,25.0,95.0,3.8,1920.0,1080.0
are you hiding something,MVI_6507.MP4,C:\Users\nisho\OneDrive\Desktop\ISL-rec\data\raw\ISL_CSLRT_Corpus\Videos_Sentence_Level\are you hiding something\MVI_6507.MP4,True,25.0,83.0,3.32,1920.0,1080.0
are you hiding something,MVI_6685.MP4,C:\Users\nisho\OneDrive\Desktop\ISL-rec\data\raw\ISL_CSLRT_Corpus\Videos_Sentence_Level\are you hiding something\MVI_6685.MP4,True,25.0,87.0,3.48,1920.0,1080.0
are you hiding something,MVI_6817.MP4,C:\Users\nisho\OneDrive\Desktop\ISL-rec\data\raw\ISL_CSLRT_Corpus\Videos_Sentence_Level\are you hiding something\MVI_6817.MP4,True,25.0,101.0,4.04,1920.0,1080.0
are you hiding something,MVI_6958.MP4,C:\Users\nisho\OneDrive\Desktop\ISL-rec\data\raw\ISL_CSLRT_Corpus\Videos_Sentence_Level\are you hiding something\MVI_6958.MP4,True,25.0,106.0,4.24,1920.0,1080.0
bring water for me,bring water for me (1).MP4,C:\Users\nisho\OneDrive\Desktop\ISL-rec\data\raw\ISL_CSLRT_Corpus\Videos_Sentence_Level\bring water for me\bring water for me (1).MP4,True,25.0,116.0,4.64,1920.0,1080.0
bring water for me,bring water for me (3).MP4,C:\Users\nisho\OneDrive\Desktop\ISL-rec\data\raw\ISL_CSLRT_Corpus\Videos_Sentence_Level\bring water for me\bring water for me (3).MP4,True,25.0,91.0,3.64,1920.0,1080.0
bring water for me,bring water for me (4).MP4,C:\Users\nisho\OneDrive\Desktop\ISL-rec\data\raw\ISL_CSLRT_Corpus\Videos_Sentence_Level\bring water for me\bring water for me (4).MP4,True,25.0,90.0,3.6,1920.0,1080.0
bring water for me,bring water for me (5).MP4,C:\Users\nisho\OneDrive\Desktop\ISL-rec\data\raw\ISL_CSLRT_Corpus\Videos_Sentence_Level\bring water for me\bring water for me (5).MP4,True,25.0,98.0,3.92,1920.0,1080.0
bring water for me,bring water for me (8).MP4,C:\Users\nisho\OneDrive\Desktop\ISL-rec\data\raw\ISL_CSLRT_Corpus\Videos_Sentence_Level\bring water for me\bring water for me (8).MP4,True,25.0,97.0,3.88,1920.0,1080.0
can i help you,cannot help.MP4,C:\Users\nisho\OneDrive\Desktop\ISL-rec\data\raw\ISL_CSLRT_Corpus\Videos_Sentence_Level\can i help you\cannot help.MP4,True,25.0,95.0,3.8,1920.0,1080.0
can i help you,help (2).MP4,C:\Users\nisho\OneDrive\Desktop\ISL-rec\data\raw\ISL_CSLRT_Corpus\Videos_Sentence_Level\can i help you\help (2).MP4,True,25.0,76.0,3.04,1920.0,1080.0
can i help you,help (3).MP4,C:\Users\nisho\OneDrive\Desktop\ISL-rec\data\raw\ISL_CSLRT_Corpus\Videos_Sentence_Level\can i help you\help (3).MP4,True,25.0,105.0,4.2,1920.0,1080.0
can i help you,help (4).MP4,C:\Users\nisho\OneDrive\Desktop\ISL-rec\data\raw\ISL_CSLRT_Corpus\Videos_Sentence_Level\can i help you\help (4).MP4,True,25.0,92.0,3.68,1920.0,1080.0
can i help you,help (5).MP4,C:\Users\nisho\OneDrive\Desktop\ISL-rec\data\raw\ISL_CSLRT_Corpus\Videos_Sentence_Level\can i help you\help (5).MP4,True,25.0,99.0,3.96,1920.0,1080.0
can i help you,help.MP4,C:\Users\nisho\OneDrive\Desktop\ISL-rec\data\raw\ISL_CSLRT_Corpus\Videos_Sentence_Level\can i help you\help.MP4,True,25.0,110.0,4.4,1920.0,1080.0
can you repeat that please,can you repeat that please (1).MP4,C:\Users\nisho\OneDrive\Desktop\ISL-rec\data\raw\ISL_CSLRT_Corpus\Videos_Sentence_Level\can you repeat that please\can you repeat that please (1).MP4,True,25.0,110.0,4.4,1920.0,1080.0
can you repeat that please,can you repeat that please (3).MP4,C:\Users\nisho\OneDrive\Desktop\ISL-rec\data\raw\ISL_CSLRT_Corpus\Videos_Sentence_Level\can you repeat that please\can you repeat that please (3).MP4,True,25.0,109.0,4.36,1920.0,1080.0
can you repeat that please,can you repeat that please (4).MP4,C:\Users\nisho\OneDrive\Desktop\ISL-rec\data\raw\ISL_CSLRT_Corpus\Videos_Sentence_Level\can you repeat that please\can you repeat that please (4).MP4,True,25.0,92.0,3.68,1920.0,1080.0
can you repeat that please,can you repeat that please (5).MP4,C:\Users\nisho\OneDrive\Desktop\ISL-rec\data\raw\ISL_CSLRT_Corpus\Videos_Sentence_Level\can you repeat that please\can you repeat that please (5).MP4,True,25.0,100.0,4.0,1920.0,1080.0
can you repeat that please,can you repeat that please (6).MP4,C:\Users\nisho\OneDrive\Desktop\ISL-rec\data\raw\ISL_CSLRT_Corpus\Videos_Sentence_Level\can you repeat that please\can you repeat that please (6).MP4,True,25.0,101.0,4.04,1920.0,1080.0
comb your hair,comb (2).MP4,C:\Users\nisho\OneDrive\Desktop\ISL-rec\data\raw\ISL_CSLRT_Corpus\Videos_Sentence_Level\comb your hair\comb (2).MP4,True,25.0,91.0,3.64,1920.0,1080.0
comb your hair,comb (3).MP4,C:\Users\nisho\OneDrive\Desktop\ISL-rec\data\raw\ISL_CSLRT_Corpus\Videos_Sentence_Level\comb your hair\comb (3).MP4,True,25.0,140.0,5.6,1920.0,1080.0
comb your hair,comb (4).MP4,C:\Users\nisho\OneDrive\Desktop\ISL-rec\data\raw\ISL_CSLRT_Corpus\Videos_Sentence_Level\comb your hair\comb (4).MP4,True,25.0,98.0,3.92,1920.0,1080.0
comb your hair,comb (5).MP4,C:\Users\nisho\OneDrive\Desktop\ISL-rec\data\raw\ISL_CSLRT_Corpus\Videos_Sentence_Level\comb your hair\comb (5).MP4,True,25.0,98.0,3.92,1920.0,1080.0
comb your hair,comb.MP4,C:\Users\nisho\OneDrive\Desktop\ISL-rec\data\raw\ISL_CSLRT_Corpus\Videos_Sentence_Level\comb your hair\comb.MP4,True,25.0,128.0,5.12,1920.0,1080.0
congratulations,congratulations (3).MP4,C:\Users\nisho\OneDrive\Desktop\ISL-rec\data\raw\ISL_CSLRT_Corpus\Videos_Sentence_Level\congratulations\congratulations (3).MP4,True,25.0,81.0,3.24,1920.0,1080.0
congratulations,congratulations (4).MP4,C:\Users\nisho\OneDrive\Desktop\ISL-rec\data\raw\ISL_CSLRT_Corpus\Videos_Sentence_Level\congratulations\congratulations (4).MP4,True,25.0,62.0,2.48,1920.0,1080.0
congratulations,congratulations (5).MP4,C:\Users\nisho\OneDrive\Desktop\ISL-rec\data\raw\ISL_CSLRT_Corpus\Videos_Sentence_Level\congratulations\congratulations (5).MP4,True,25.0,90.0,3.6,1920.0,1080.0
congratulations,congratulations (6).MP4,C:\Users\nisho\OneDrive\Desktop\ISL-rec\data\raw\ISL_CSLRT_Corpus\Videos_Sentence_Level\congratulations\congratulations (6).MP4,True,25.0,63.0,2.52,1920.0,1080.0
congratulations,congratulations (7).MP4,C:\Users\nisho\OneDrive\Desktop\ISL-rec\data\raw\ISL_CSLRT_Corpus\Videos_Sentence_Level\congratulations\congratulations (7).MP4,True,25.0,54.0,2.16,1920.0,1080.0
could you please talk slower,could you please talk slower (3).MP4,C:\Users\nisho\OneDrive\Desktop\ISL-rec\data\raw\ISL_CSLRT_Corpus\Videos_Sentence_Level\could you please talk slower\could you please talk slower (3).MP4,True,25.0,141.0,5.64,1920.0,1080.0
could you please talk slower,could you please talk slower (4).MP4,C:\Users\nisho\OneDrive\Desktop\ISL-rec\data\raw\ISL_CSLRT_Corpus\Videos_Sentence_Level\could you please talk slower\could you please talk slower (4).MP4,True,25.0,119.0,4.76,1920.0,1080.0
could you please talk slower,could you please talk slower (5).MP4,C:\Users\nisho\OneDrive\Desktop\ISL-rec\data\raw\ISL_CSLRT_Corpus\Videos_Sentence_Level\could you please talk slower\could you please talk slower (5).MP4,True,25.0,105.0,4.2,1920.0,1080.0
could you please talk slower,could you please talk slower (6).MP4,C:\Users\nisho\OneDrive\Desktop\ISL-rec\data\raw\ISL_CSLRT_Corpus\Videos_Sentence_Level\could you please talk slower\could you please talk slower (6).MP4,True,25.0,120.0,4.8,1920.0,1080.0
could you please talk slower,could you please talk slower (7).MP4,C:\Users\nisho\OneDrive\Desktop\ISL-rec\data\raw\ISL_CSLRT_Corpus\Videos_Sentence_Level\could you please talk slower\could you please talk slower (7).MP4,True,25.0,115.0,4.6,1920.0,1080.0
do me a favour,favour (2).MP4,C:\Users\nisho\OneDrive\Desktop\ISL-rec\data\raw\ISL_CSLRT_Corpus\Videos_Sentence_Level\do me a favour\favour (2).MP4,True,25.0,79.0,3.16,1920.0,1080.0
do me a favour,favour (3).MP4,C:\Users\nisho\OneDrive\Desktop\ISL-rec\data\raw\ISL_CSLRT_Corpus\Videos_Sentence_Level\do me a favour\favour (3).MP4,True,25.0,110.0,4.4,1920.0,1080.0
do me a favour,favour (4).MP4,C:\Users\nisho\OneDrive\Desktop\ISL-rec\data\raw\ISL_CSLRT_Corpus\Videos_Sentence_Level\do me a favour\favour (4).MP4,True,25.0,87.0,3.48,1920.0,1080.0
do me a favour,favour (5).MP4,C:\Users\nisho\OneDrive\Desktop\ISL-rec\data\raw\ISL_CSLRT_Corpus\Videos_Sentence_Level\do me a favour\favour (5).MP4,True,25.0,98.0,3.92,1920.0,1080.0
do me a favour,favour.MP4,C:\Users\nisho\OneDrive\Desktop\ISL-rec\data\raw\ISL_CSLRT_Corpus\Videos_Sentence_Level\do me a favour\favour.MP4,True,25.0,95.0,3.8,1920.0,1080.0
do not abuse him,abuse (2).MP4,C:\Users\nisho\OneDrive\Desktop\ISL-rec\data\raw\ISL_CSLRT_Corpus\Videos_Sentence_Level\do not abuse him\abuse (2).MP4,True,25.0,182.0,7.28,1920.0,1080.0
do not abuse him,abuse (3).MP4,C:\Users\nisho\OneDrive\Desktop\ISL-rec\data\raw\ISL_CSLRT_Corpus\Videos_Sentence_Level\do not abuse him\abuse (3).MP4,True,25.0,128.0,5.12,1920.0,1080.0
do not abuse him,abuse (4).MP4,C:\Users\nisho\OneDrive\Desktop\ISL-rec\data\raw\ISL_CSLRT_Corpus\Videos_Sentence_Level\do not abuse him\abuse (4).MP4,True,25.0,146.0,5.84,1920.0,1080.0
do not abuse him,abuse.MP4,C:\Users\nisho\OneDrive\Desktop\ISL-rec\data\raw\ISL_CSLRT_Corpus\Videos_Sentence_Level\do not abuse him\abuse.MP4,True,25.0,140.0,5.6,1920.0,1080.0
do not be stubborn,stubborn (2).MP4,C:\Users\nisho\OneDrive\Desktop\ISL-rec\data\raw\ISL_CSLRT_Corpus\Videos_Sentence_Level\do not be stubborn\stubborn (2).MP4,True,25.0,130.0,5.2,1920.0,1080.0
do not be stubborn,stubborn (3).MP4,C:\Users\nisho\OneDrive\Desktop\ISL-rec\data\raw\ISL_CSLRT_Corpus\Videos_Sentence_Level\do not be stubborn\stubborn (3).MP4,True,25.0,158.0,6.32,1920.0,1080.0
do not be stubborn,stubborn (4).MP4,C:\Users\nisho\OneDrive\Desktop\ISL-rec\data\raw\ISL_CSLRT_Corpus\Videos_Sentence_Level\do not be stubborn\stubborn (4).MP4,True,25.0,122.0,4.88,1920.0,1080.0
do not be stubborn,stubborn.MP4,C:\Users\nisho\OneDrive\Desktop\ISL-rec\data\raw\ISL_CSLRT_Corpus\Videos_Sentence_Level\do not be stubborn\stubborn.MP4,True,25.0,115.0,4.6,1920.0,1080.0
do not hurt me,hurt me (2).MP4,C:\Users\nisho\OneDrive\Desktop\ISL-rec\data\raw\ISL_CSLRT_Corpus\Videos_Sentence_Level\do not hurt me\hurt me (2).MP4,True,25.0,107.0,4.28,1920.0,1080.0
do not hurt me,hurt me (3).MP4,C:\Users\nisho\OneDrive\Desktop\ISL-rec\data\raw\ISL_CSLRT_Corpus\Videos_Sentence_Level\do not hurt me\hurt me (3).MP4,True,25.0,84.0,3.36,1920.0,1080.0
do not hurt me,hurt me (4).MP4,C:\Users\nisho\OneDrive\Desktop\ISL-rec\data\raw\ISL_CSLRT_Corpus\Videos_Sentence_Level\do not hurt me\hurt me (4).MP4,True,25.0,127.0,5.08,1920.0,1080.0
do not hurt me,hurt me.MP4,C:\Users\nisho\OneDrive\Desktop\ISL-rec\data\raw\ISL_CSLRT_Corpus\Videos_Sentence_Level\do not hurt me\hurt me.MP4,True,25.0,109.0,4.36,1920.0,1080.0
do not hurt me,hurt.MP4,C:\Users\nisho\OneDrive\Desktop\ISL-rec\data\raw\ISL_CSLRT_Corpus\Videos_Sentence_Level\do not hurt me\hurt.MP4,True,25.0,89.0,3.56,1920.0,1080.0
do not make me angry,me angry (2).MP4,C:\Users\nisho\OneDrive\Desktop\ISL-rec\data\raw\ISL_CSLRT_Corpus\Videos_Sentence_Level\do not make me angry\me angry (2).MP4,True,25.0,97.0,3.88,1920.0,1080.0
do not make me angry,me angry (3).MP4,C:\Users\nisho\OneDrive\Desktop\ISL-rec\data\raw\ISL_CSLRT_Corpus\Videos_Sentence_Level\do not make me angry\me angry (3).MP4,True,25.0,108.0,4.32,1920.0,1080.0
do not make me angry,me angry (4).MP4,C:\Users\nisho\OneDrive\Desktop\ISL-rec\data\raw\ISL_CSLRT_Corpus\Videos_Sentence_Level\do not make me angry\me angry (4).MP4,True,25.0,95.0,3.8,1920.0,1080.0
do not make me angry,me angry (5).MP4,C:\Users\nisho\OneDrive\Desktop\ISL-rec\data\raw\ISL_CSLRT_Corpus\Videos_Sentence_Level\do not make me angry\me angry (5).MP4,True,25.0,91.0,3.64,1920.0,1080.0
do not make me angry,me angry.MP4,C:\Users\nisho\OneDrive\Desktop\ISL-rec\data\raw\ISL_CSLRT_Corpus\Videos_Sentence_Level\do not make me angry\me angry.MP4,True,25.0,100.0,4.0,1920.0,1080.0
do not take it to the heart,heart (2).MP4,C:\Users\nisho\OneDrive\Desktop\ISL-rec\data\raw\ISL_CSLRT_Corpus\Videos_Sentence_Level\do not take it to the heart\heart (2).MP4,True,25.0,120.0,4.8,1920.0,1080.0
do not take it to the heart,heart (3).MP4,C:\Users\nisho\OneDrive\Desktop\ISL-rec\data\raw\ISL_CSLRT_Corpus\Videos_Sentence_Level\do not take it to the heart\heart (3).MP4,True,25.0,122.0,4.88,1920.0,1080.0
do not take it to the heart,heart (4).MP4,C:\Users\nisho\OneDrive\Desktop\ISL-rec\data\raw\ISL_CSLRT_Corpus\Videos_Sentence_Level\do not take it to the heart\heart (4).MP4,True,25.0,113.0,4.52,1920.0,1080.0
do not take it to the heart,heart (5).MP4,C:\Users\nisho\OneDrive\Desktop\ISL-rec\data\raw\ISL_CSLRT_Corpus\Videos_Sentence_Level\do not take it to the heart\heart (5).MP4,True,25.0,109.0,4.36,1920.0,1080.0
do not take it to the heart,heart.MP4,C:\Users\nisho\OneDrive\Desktop\ISL-rec\data\raw\ISL_CSLRT_Corpus\Videos_Sentence_Level\do not take it to the heart\heart.MP4,True,25.0,119.0,4.76,1920.0,1080.0
do not worry,MVI_6633.MP4,C:\Users\nisho\OneDrive\Desktop\ISL-rec\data\raw\ISL_CSLRT_Corpus\Videos_Sentence_Level\do not worry\MVI_6633.MP4,True,25.0,105.0,4.2,1920.0,1080.0
do not worry,worry (2).MP4,C:\Users\nisho\OneDrive\Desktop\ISL-rec\data\raw\ISL_CSLRT_Corpus\Videos_Sentence_Level\do not worry\worry (2).MP4,True,25.0,98.0,3.92,1920.0,1080.0
do not worry,worry (3).MP4,C:\Users\nisho\OneDrive\Desktop\ISL-rec\data\raw\ISL_CSLRT_Corpus\Videos_Sentence_Level\do not worry\worry (3).MP4,True,25.0,88.0,3.52,1920.0,1080.0
do not worry,worry (4).MP4,C:\Users\nisho\OneDrive\Desktop\ISL-rec\data\raw\ISL_CSLRT_Corpus\Videos_Sentence_Level\do not worry\worry (4).MP4,True,25.0,104.0,4.16,1920.0,1080.0
do not worry,worry.MP4,C:\Users\nisho\OneDrive\Desktop\ISL-rec\data\raw\ISL_CSLRT_Corpus\Videos_Sentence_Level\do not worry\worry.MP4,True,25.0,97.0,3.88,1920.0,1080.0
do you need something,need something (2).MP4,C:\Users\nisho\OneDrive\Desktop\ISL-rec\data\raw\ISL_CSLRT_Corpus\Videos_Sentence_Level\do you need something\need something (2).MP4,True,25.0,144.0,5.76,1920.0,1080.0
do you need something,need something.MP4,C:\Users\nisho\OneDrive\Desktop\ISL-rec\data\raw\ISL_CSLRT_Corpus\Videos_Sentence_Level\do you need something\need something.MP4,True,25.0,157.0,6.28,1920.0,1080.0
do you need something,something (2).MP4,C:\Users\nisho\OneDrive\Desktop\ISL-rec\data\raw\ISL_CSLRT_Corpus\Videos_Sentence_Level\do you need something\something (2).MP4,True,25.0,101.0,4.04,1920.0,1080.0
do you need something,something (3).MP4,C:\Users\nisho\OneDrive\Desktop\ISL-rec\data\raw\ISL_CSLRT_Corpus\Videos_Sentence_Level\do you need something\something (3).MP4,True,25.0,140.0,5.6,1920.0,1080.0
do you need something,something.MP4,C:\Users\nisho\OneDrive\Desktop\ISL-rec\data\raw\ISL_CSLRT_Corpus\Videos_Sentence_Level\do you need something\something.MP4,True,25.0,113.0,4.52,1920.0,1080.0
go and sleep,sleep (2).MP4,C:\Users\nisho\OneDrive\Desktop\ISL-rec\data\raw\ISL_CSLRT_Corpus\Videos_Sentence_Level\go and sleep\sleep (2).MP4,True,25.0,143.0,5.72,1920.0,1080.0
go and sleep,sleep (3).MP4,C:\Users\nisho\OneDrive\Desktop\ISL-rec\data\raw\ISL_CSLRT_Corpus\Videos_Sentence_Level\go and sleep\sleep (3).MP4,True,25.0,67.0,2.68,1920.0,1080.0
go and sleep,sleep (4).MP4,C:\Users\nisho\OneDrive\Desktop\ISL-rec\data\raw\ISL_CSLRT_Corpus\Videos_Sentence_Level\go and sleep\sleep (4).MP4,True,25.0,89.0,3.56,1920.0,1080.0
go and sleep,sleep (5).MP4,C:\Users\nisho\OneDrive\Desktop\ISL-rec\data\raw\ISL_CSLRT_Corpus\Videos_Sentence_Level\go and sleep\sleep (5).MP4,True,25.0,99.0,3.96,1920.0,1080.0
go and sleep,sleep (6).MP4,C:\Users\nisho\OneDrive\Desktop\ISL-rec\data\raw\ISL_CSLRT_Corpus\Videos_Sentence_Level\go and sleep\sleep (6).MP4,True,25.0,89.0,3.56,1920.0,1080.0
go and sleep,sleep.MP4,C:\Users\nisho\OneDrive\Desktop\ISL-rec\data\raw\ISL_CSLRT_Corpus\Videos_Sentence_Level\go and sleep\sleep.MP4,True,25.0,102.0,4.08,1920.0,1080.0
had your food,food (2).MP4,C:\Users\nisho\OneDrive\Desktop\ISL-rec\data\raw\ISL_CSLRT_Corpus\Videos_Sentence_Level\had your food\food (2).MP4,True,25.0,89.0,3.56,1920.0,1080.0
had your food,food (3).MP4,C:\Users\nisho\OneDrive\Desktop\ISL-rec\data\raw\ISL_CSLRT_Corpus\Videos_Sentence_Level\had your food\food (3).MP4,True,25.0,87.0,3.48,1920.0,1080.0
had your food,food (4).MP4,C:\Users\nisho\OneDrive\Desktop\ISL-rec\data\raw\ISL_CSLRT_Corpus\Videos_Sentence_Level\had your food\food (4).MP4,True,25.0,101.0,4.04,1920.0,1080.0
had your food,food (5).MP4,C:\Users\nisho\OneDrive\Desktop\ISL-rec\data\raw\ISL_CSLRT_Corpus\Videos_Sentence_Level\had your food\food (5).MP4,True,25.0,93.0,3.72,1920.0,1080.0
had your food,food.MP4,C:\Users\nisho\OneDrive\Desktop\ISL-rec\data\raw\ISL_CSLRT_Corpus\Videos_Sentence_Level\had your food\food.MP4,True,25.0,91.0,3.64,1920.0,1080.0
he came by train,train (2).MP4,C:\Users\nisho\OneDrive\Desktop\ISL-rec\data\raw\ISL_CSLRT_Corpus\Videos_Sentence_Level\he came by train\train (2).MP4,True,25.0,99.0,3.96,1920.0,1080.0
he came by train,train (3).MP4,C:\Users\nisho\OneDrive\Desktop\ISL-rec\data\raw\ISL_CSLRT_Corpus\Videos_Sentence_Level\he came by train\train (3).MP4,True,25.0,116.0,4.64,1920.0,1080.0
he came by train,train (4).MP4,C:\Users\nisho\OneDrive\Desktop\ISL-rec\data\raw\ISL_CSLRT_Corpus\Videos_Sentence_Level\he came by train\train (4).MP4,True,25.0,106.0,4.24,1920.0,1080.0
he came by train,train (5).MP4,C:\Users\nisho\OneDrive\Desktop\ISL-rec\data\raw\ISL_CSLRT_Corpus\Videos_Sentence_Level\he came by train\train (5).MP4,True,25.0,127.0,5.08,1920.0,1080.0
he came by train,train.MP4,C:\Users\nisho\OneDrive\Desktop\ISL-rec\data\raw\ISL_CSLRT_Corpus\Videos_Sentence_Level\he came by train\train.MP4,True,25.0,112.0,4.48,1920.0,1080.0
He is going into the room,MVI_6503.MP4,C:\Users\nisho\OneDrive\Desktop\ISL-rec\data\raw\ISL_CSLRT_Corpus\Videos_Sentence_Level\He is going into the room\MVI_6503.MP4,True,25.0,130.0,5.2,1920.0,1080.0
He is going into the room,room (2).MP4,C:\Users\nisho\OneDrive\Desktop\ISL-rec\data\raw\ISL_CSLRT_Corpus\Videos_Sentence_Level\He is going into the room\room (2).MP4,True,25.0,146.0,5.84,1920.0,1080.0
He is going into the room,room (3).MP4,C:\Users\nisho\OneDrive\Desktop\ISL-rec\data\raw\ISL_CSLRT_Corpus\Videos_Sentence_Level\He is going into the room\room (3).MP4,True,25.0,114.0,4.56,1920.0,1080.0
He is going into the room,room (4).MP4,C:\Users\nisho\OneDrive\Desktop\ISL-rec\data\raw\ISL_CSLRT_Corpus\Videos_Sentence_Level\He is going into the room\room (4).MP4,True,25.0,128.0,5.12,1920.0,1080.0
He is going into the room,room.MP4,C:\Users\nisho\OneDrive\Desktop\ISL-rec\data\raw\ISL_CSLRT_Corpus\Videos_Sentence_Level\He is going into the room\room.MP4,True,25.0,113.0,4.52,1920.0,1080.0
he is on the way,way (2).MP4,C:\Users\nisho\OneDrive\Desktop\ISL-rec\data\raw\ISL_CSLRT_Corpus\Videos_Sentence_Level\he is on the way\way (2).MP4,True,25.0,114.0,4.56,1920.0,1080.0
he is on the way,way (3).MP4,C:\Users\nisho\OneDrive\Desktop\ISL-rec\data\raw\ISL_CSLRT_Corpus\Videos_Sentence_Level\he is on the way\way (3).MP4,True,25.0,118.0,4.72,1920.0,1080.0
he is on the way,way (4).MP4,C:\Users\nisho\OneDrive\Desktop\ISL-rec\data\raw\ISL_CSLRT_Corpus\Videos_Sentence_Level\he is on the way\way (4).MP4,True,25.0,91.0,3.64,1920.0,1080.0
he is on the way,way.MP4,C:\Users\nisho\OneDrive\Desktop\ISL-rec\data\raw\ISL_CSLRT_Corpus\Videos_Sentence_Level\he is on the way\way.MP4,True,25.0,86.0,3.44,1920.0,1080.0
he she is my friend,friend (2).MP4,C:\Users\nisho\OneDrive\Desktop\ISL-rec\data\raw\ISL_CSLRT_Corpus\Videos_Sentence_Level\he she is my friend\friend (2).MP4,True,25.0,83.0,3.32,1920.0,1080.0
he she is my friend,friend (3).MP4,C:\Users\nisho\OneDrive\Desktop\ISL-rec\data\raw\ISL_CSLRT_Corpus\Videos_Sentence_Level\he she is my friend\friend (3).MP4,True,25.0,76.0,3.04,1920.0,1080.0
he she is my friend,friend (4).MP4,C:\Users\nisho\OneDrive\Desktop\ISL-rec\data\raw\ISL_CSLRT_Corpus\Videos_Sentence_Level\he she is my friend\friend (4).MP4,True,25.0,94.0,3.76,1920.0,1080.0
he she is my friend,friend.MP4,C:\Users\nisho\OneDrive\Desktop\ISL-rec\data\raw\ISL_CSLRT_Corpus\Videos_Sentence_Level\he she is my friend\friend.MP4,True,25.0,78.0,3.12,1920.0,1080.0
he she is my friend,MVI_6500.MP4,C:\Users\nisho\OneDrive\Desktop\ISL-rec\data\raw\ISL_CSLRT_Corpus\Videos_Sentence_Level\he she is my friend\MVI_6500.MP4,True,25.0,90.0,3.6,1920.0,1080.0
he would be coming today,today (2).MP4,C:\Users\nisho\OneDrive\Desktop\ISL-rec\data\raw\ISL_CSLRT_Corpus\Videos_Sentence_Level\he would be coming today\today (2).MP4,True,25.0,108.0,4.32,1920.0,1080.0
he would be coming today,today (3).MP4,C:\Users\nisho\OneDrive\Desktop\ISL-rec\data\raw\ISL_CSLRT_Corpus\Videos_Sentence_Level\he would be coming today\today (3).MP4,True,25.0,138.0,5.52,1920.0,1080.0
he would be coming today,today (4).MP4,C:\Users\nisho\OneDrive\Desktop\ISL-rec\data\raw\ISL_CSLRT_Corpus\Videos_Sentence_Level\he would be coming today\today (4).MP4,True,25.0,157.0,6.28,1920.0,1080.0
he would be coming today,today (5).MP4,C:\Users\nisho\OneDrive\Desktop\ISL-rec\data\raw\ISL_CSLRT_Corpus\Videos_Sentence_Level\he would be coming today\today (5).MP4,True,25.0,132.0,5.28,1920.0,1080.0
he would be coming today,today.MP4,C:\Users\nisho\OneDrive\Desktop\ISL-rec\data\raw\ISL_CSLRT_Corpus\Videos_Sentence_Level\he would be coming today\today.MP4,True,25.0,110.0,4.4,1920.0,1080.0
help me,help me (1).MP4,C:\Users\nisho\OneDrive\Desktop\ISL-rec\data\raw\ISL_CSLRT_Corpus\Videos_Sentence_Level\help me\help me (1).MP4,True,25.0,104.0,4.16,1920.0,1080.0
help me,help me (3).MP4,C:\Users\nisho\OneDrive\Desktop\ISL-rec\data\raw\ISL_CSLRT_Corpus\Videos_Sentence_Level\help me\help me (3).MP4,True,25.0,84.0,3.36,1920.0,1080.0
help me,help me (4).MP4,C:\Users\nisho\OneDrive\Desktop\ISL-rec\data\raw\ISL_CSLRT_Corpus\Videos_Sentence_Level\help me\help me (4).MP4,True,25.0,76.0,3.04,1920.0,1080.0
help me,help me (5).MP4,C:\Users\nisho\OneDrive\Desktop\ISL-rec\data\raw\ISL_CSLRT_Corpus\Videos_Sentence_Level\help me\help me (5).MP4,True,25.0,71.0,2.84,1920.0,1080.0
help me,help me (8).MP4,C:\Users\nisho\OneDrive\Desktop\ISL-rec\data\raw\ISL_CSLRT_Corpus\Videos_Sentence_Level\help me\help me (8).MP4,True,25.0,98.0,3.92,1920.0,1080.0
hi how are you,hi how are you (3).MP4,C:\Users\nisho\OneDrive\Desktop\ISL-rec\data\raw\ISL_CSLRT_Corpus\Videos_Sentence_Level\hi how are you\hi how are you (3).MP4,True,25.0,112.0,4.48,1920.0,1080.0
hi how are you,hi how are you (4).MP4,C:\Users\nisho\OneDrive\Desktop\ISL-rec\data\raw\ISL_CSLRT_Corpus\Videos_Sentence_Level\hi how are you\hi how are you (4).MP4,True,25.0,156.0,6.24,1920.0,1080.0
hi how are you,hi how are you (5).MP4,C:\Users\nisho\OneDrive\Desktop\ISL-rec\data\raw\ISL_CSLRT_Corpus\Videos_Sentence_Level\hi how are you\hi how are you (5).MP4,True,25.0,104.0,4.16,1920.0,1080.0
hi how are you,hi how are you (6).MP4,C:\Users\nisho\OneDrive\Desktop\ISL-rec\data\raw\ISL_CSLRT_Corpus\Videos_Sentence_Level\hi how are you\hi how are you (6).MP4,True,25.0,108.0,4.32,1920.0,1080.0
hi how are you,hi how are you (7).MP4,C:\Users\nisho\OneDrive\Desktop\ISL-rec\data\raw\ISL_CSLRT_Corpus\Videos_Sentence_Level\hi how are you\hi how are you (7).MP4,True,25.0,92.0,3.68,1920.0,1080.0
how are things,things (2).MP4,C:\Users\nisho\OneDrive\Desktop\ISL-rec\data\raw\ISL_CSLRT_Corpus\Videos_Sentence_Level\how are things\things (2).MP4,True,25.0,150.0,6.0,1920.0,1080.0
how are things,things (3).MP4,C:\Users\nisho\OneDrive\Desktop\ISL-rec\data\raw\ISL_CSLRT_Corpus\Videos_Sentence_Level\how are things\things (3).MP4,True,25.0,165.0,6.6,1920.0,1080.0
how are things,things (4).MP4,C:\Users\nisho\OneDrive\Desktop\ISL-rec\data\raw\ISL_CSLRT_Corpus\Videos_Sentence_Level\how are things\things (4).MP4,True,25.0,186.0,7.44,1920.0,1080.0
how are things,things.MP4,C:\Users\nisho\OneDrive\Desktop\ISL-rec\data\raw\ISL_CSLRT_Corpus\Videos_Sentence_Level\how are things\things.MP4,True,25.0,190.0,7.6,1920.0,1080.0
how can i help you,how can i help you (3).MP4,C:\Users\nisho\OneDrive\Desktop\ISL-rec\data\raw\ISL_CSLRT_Corpus\Videos_Sentence_Level\how can i help you\how can i help you (3).MP4,True,25.0,135.0,5.4,1920.0,1080.0
how can i help you,how can i help you (4).MP4,C:\Users\nisho\OneDrive\Desktop\ISL-rec\data\raw\ISL_CSLRT_Corpus\Videos_Sentence_Level\how can i help you\how can i help you (4).MP4,True,25.0,91.0,3.64,1920.0,1080.0
how can i help you,how can i help you (5).MP4,C:\Users\nisho\OneDrive\Desktop\ISL-rec\data\raw\ISL_CSLRT_Corpus\Videos_Sentence_Level\how can i help you\how can i help you (5).MP4,True,25.0,86.0,3.44,1920.0,1080.0
how can i help you,how can i help you (6).MP4,C:\Users\nisho\OneDrive\Desktop\ISL-rec\data\raw\ISL_CSLRT_Corpus\Videos_Sentence_Level\how can i help you\how can i help you (6).MP4,True,25.0,97.0,3.88,1920.0,1080.0
how can i help you,how can i help you (7).MP4,C:\Users\nisho\OneDrive\Desktop\ISL-rec\data\raw\ISL_CSLRT_Corpus\Videos_Sentence_Level\how can i help you\how can i help you (7).MP4,True,25.0,91.0,3.64,1920.0,1080.0
how can i trust you,trust (2).MP4,C:\Users\nisho\OneDrive\Desktop\ISL-rec\data\raw\ISL_CSLRT_Corpus\Videos_Sentence_Level\how can i trust you\trust (2).MP4,True,25.0,96.0,3.84,1920.0,1080.0
how can i trust you,trust (3).MP4,C:\Users\nisho\OneDrive\Desktop\ISL-rec\data\raw\ISL_CSLRT_Corpus\Videos_Sentence_Level\how can i trust you\trust (3).MP4,True,25.0,156.0,6.24,1920.0,1080.0
how can i trust you,trust (4).MP4,C:\Users\nisho\OneDrive\Desktop\ISL-rec\data\raw\ISL_CSLRT_Corpus\Videos_Sentence_Level\how can i trust you\trust (4).MP4,True,25.0,124.0,4.96,1920.0,1080.0
how can i trust you,trust (5).MP4,C:\Users\nisho\OneDrive\Desktop\ISL-rec\data\raw\ISL_CSLRT_Corpus\Videos_Sentence_Level\how can i trust you\trust (5).MP4,True,25.0,114.0,4.56,1920.0,1080.0
how can i trust you,trust.MP4,C:\Users\nisho\OneDrive\Desktop\ISL-rec\data\raw\ISL_CSLRT_Corpus\Videos_Sentence_Level\how can i trust you\trust.MP4,True,25.0,117.0,4.68,1920.0,1080.0
how dare you,dare (2).MP4,C:\Users\nisho\OneDrive\Desktop\ISL-rec\data\raw\ISL_CSLRT_Corpus\Videos_Sentence_Level\how dare you\dare (2).MP4,True,25.0,77.0,3.08,1920.0,1080.0
how dare you,dare (3).MP4,C:\Users\nisho\OneDrive\Desktop\ISL-rec\data\raw\ISL_CSLRT_Corpus\Videos_Sentence_Level\how dare you\dare (3).MP4,True,25.0,95.0,3.8,1920.0,1080.0
how dare you,dare (4).MP4,C:\Users\nisho\OneDrive\Desktop\ISL-rec\data\raw\ISL_CSLRT_Corpus\Videos_Sentence_Level\how dare you\dare (4).MP4,True,25.0,79.0,3.16,1920.0,1080.0
how dare you,dare (5).MP4,C:\Users\nisho\OneDrive\Desktop\ISL-rec\data\raw\ISL_CSLRT_Corpus\Videos_Sentence_Level\how dare you\dare (5).MP4,True,25.0,90.0,3.6,1920.0,1080.0
how dare you,dare.MP4,C:\Users\nisho\OneDrive\Desktop\ISL-rec\data\raw\ISL_CSLRT_Corpus\Videos_Sentence_Level\how dare you\dare.MP4,True,25.0,93.0,3.72,1920.0,1080.0
how old are you,how old are you (3).MP4,C:\Users\nisho\OneDrive\Desktop\ISL-rec\data\raw\ISL_CSLRT_Corpus\Videos_Sentence_Level\how old are you\how old are you (3).MP4,True,25.0,111.0,4.44,1920.0,1080.0
how old are you,how old are you (4).MP4,C:\Users\nisho\OneDrive\Desktop\ISL-rec\data\raw\ISL_CSLRT_Corpus\Videos_Sentence_Level\how old are you\how old are you (4).MP4,True,25.0,109.0,4.36,1920.0,1080.0
how old are you,how old are you (5).MP4,C:\Users\nisho\OneDrive\Desktop\ISL-rec\data\raw\ISL_CSLRT_Corpus\Videos_Sentence_Level\how old are you\how old are you (5).MP4,True,25.0,97.0,3.88,1920.0,1080.0
how old are you,how old are you (6).MP4,C:\Users\nisho\OneDrive\Desktop\ISL-rec\data\raw\ISL_CSLRT_Corpus\Videos_Sentence_Level\how old are you\how old are you (6).MP4,True,25.0,81.0,3.24,1920.0,1080.0
how old are you,how old are you (7).MP4,C:\Users\nisho\OneDrive\Desktop\ISL-rec\data\raw\ISL_CSLRT_Corpus\Videos_Sentence_Level\how old are you\how old are you (7).MP4,True,25.0,87.0,3.48,1920.0,1080.0
i am (age),i am (age) (1).MP4,C:\Users\nisho\OneDrive\Desktop\ISL-rec\data\raw\ISL_CSLRT_Corpus\Videos_Sentence_Level\i am (age)\i am (age) (1).MP4,True,25.0,86.0,3.44,1920.0,1080.0
i am (age),i am (age) (2).MP4,C:\Users\nisho\OneDrive\Desktop\ISL-rec\data\raw\ISL_CSLRT_Corpus\Videos_Sentence_Level\i am (age)\i am (age) (2).MP4,True,25.0,74.0,2.96,1920.0,1080.0
i am (age),i am (age) (3).MP4,C:\Users\nisho\OneDrive\Desktop\ISL-rec\data\raw\ISL_CSLRT_Corpus\Videos_Sentence_Level\i am (age)\i am (age) (3).MP4,True,25.0,63.0,2.52,1920.0,1080.0
i am (age),i am (age) (4).MP4,C:\Users\nisho\OneDrive\Desktop\ISL-rec\data\raw\ISL_CSLRT_Corpus\Videos_Sentence_Level\i am (age)\i am (age) (4).MP4,True,25.0,72.0,2.88,1920.0,1080.0
i am (age),i am (age) (5).MP4,C:\Users\nisho\OneDrive\Desktop\ISL-rec\data\raw\ISL_CSLRT_Corpus\Videos_Sentence_Level\i am (age)\i am (age) (5).MP4,True,25.0,66.0,2.64,1920.0,1080.0
i am afraid of that,afraid (2).MP4,C:\Users\nisho\OneDrive\Desktop\ISL-rec\data\raw\ISL_CSLRT_Corpus\Videos_Sentence_Level\i am afraid of that\afraid (2).MP4,True,25.0,122.0,4.88,1920.0,1080.0
i am afraid of that,afraid (3).MP4,C:\Users\nisho\OneDrive\Desktop\ISL-rec\data\raw\ISL_CSLRT_Corpus\Videos_Sentence_Level\i am afraid of that\afraid (3).MP4,True,25.0,151.0,6.04,1920.0,1080.0
i am afraid of that,afraid (4).MP4,C:\Users\nisho\OneDrive\Desktop\ISL-rec\data\raw\ISL_CSLRT_Corpus\Videos_Sentence_Level\i am afraid of that\afraid (4).MP4,True,25.0,110.0,4.4,1920.0,1080.0
i am afraid of that,afraid (5).MP4,C:\Users\nisho\OneDrive\Desktop\ISL-rec\data\raw\ISL_CSLRT_Corpus\Videos_Sentence_Level\i am afraid of that\afraid (5).MP4,True,25.0,118.0,4.72,1920.0,1080.0
i am afraid of that,afraid.MP4,C:\Users\nisho\OneDrive\Desktop\ISL-rec\data\raw\ISL_CSLRT_Corpus\Videos_Sentence_Level\i am afraid of that\afraid.MP4,True,25.0,124.0,4.96,1920.0,1080.0
i am crying,i am crying (3).MP4,C:\Users\nisho\OneDrive\Desktop\ISL-rec\data\raw\ISL_CSLRT_Corpus\Videos_Sentence_Level\i am crying\i am crying (3).MP4,True,25.0,96.0,3.84,1920.0,1080.0
i am crying,i am crying (4).MP4,C:\Users\nisho\OneDrive\Desktop\ISL-rec\data\raw\ISL_CSLRT_Corpus\Videos_Sentence_Level\i am crying\i am crying (4).MP4,True,25.0,77.0,3.08,1920.0,1080.0
i am crying,i am crying (5).MP4,C:\Users\nisho\OneDrive\Desktop\ISL-rec\data\raw\ISL_CSLRT_Corpus\Videos_Sentence_Level\i am crying\i am crying (5).MP4,True,25.0,98.0,3.92,1920.0,1080.0
i am crying,i am crying (6).MP4,C:\Users\nisho\OneDrive\Desktop\ISL-rec\data\raw\ISL_CSLRT_Corpus\Videos_Sentence_Level\i am crying\i am crying (6).MP4,True,25.0,111.0,4.44,1920.0,1080.0
i am crying,i am crying (7).MP4,C:\Users\nisho\OneDrive\Desktop\ISL-rec\data\raw\ISL_CSLRT_Corpus\Videos_Sentence_Level\i am crying\i am crying (7).MP4,True,25.0,82.0,3.28,1920.0,1080.0
i am feeling bored,bored (2).MP4,C:\Users\nisho\OneDrive\Desktop\ISL-rec\data\raw\ISL_CSLRT_Corpus\Videos_Sentence_Level\i am feeling bored\bored (2).MP4,True,25.0,74.0,2.96,1920.0,1080.0
i am feeling bored,bored (3).MP4,C:\Users\nisho\OneDrive\Desktop\ISL-rec\data\raw\ISL_CSLRT_Corpus\Videos_Sentence_Level\i am feeling bored\bored (3).MP4,True,25.0,122.0,4.88,1920.0,1080.0
i am feeling bored,bored (4).MP4,C:\Users\nisho\OneDrive\Desktop\ISL-rec\data\raw\ISL_CSLRT_Corpus\Videos_Sentence_Level\i am feeling bored\bored (4).MP4,True,25.0,119.0,4.76,1920.0,1080.0
i am feeling bored,bored (5).MP4,C:\Users\nisho\OneDrive\Desktop\ISL-rec\data\raw\ISL_CSLRT_Corpus\Videos_Sentence_Level\i am feeling bored\bored (5).MP4,True,25.0,101.0,4.04,1920.0,1080.0
i am feeling bored,bored.MP4,C:\Users\nisho\OneDrive\Desktop\ISL-rec\data\raw\ISL_CSLRT_Corpus\Videos_Sentence_Level\i am feeling bored\bored.MP4,True,25.0,96.0,3.84,1920.0,1080.0
i am feeling cold,cold (2).MP4,C:\Users\nisho\OneDrive\Desktop\ISL-rec\data\raw\ISL_CSLRT_Corpus\Videos_Sentence_Level\i am feeling cold\cold (2).MP4,True,25.0,77.0,3.08,1920.0,1080.0
i am feeling cold,cold (3).MP4,C:\Users\nisho\OneDrive\Desktop\ISL-rec\data\raw\ISL_CSLRT_Corpus\Videos_Sentence_Level\i am feeling cold\cold (3).MP4,True,25.0,83.0,3.32,1920.0,1080.0
i am feeling cold,cold (4).MP4,C:\Users\nisho\OneDrive\Desktop\ISL-rec\data\raw\ISL_CSLRT_Corpus\Videos_Sentence_Level\i am feeling cold\cold (4).MP4,True,25.0,81.0,3.24,1920.0,1080.0
i am feeling cold,cold (5).MP4,C:\Users\nisho\OneDrive\Desktop\ISL-rec\data\raw\ISL_CSLRT_Corpus\Videos_Sentence_Level\i am feeling cold\cold (5).MP4,True,25.0,82.0,3.28,1920.0,1080.0
i am feeling cold,cold.MP4,C:\Users\nisho\OneDrive\Desktop\ISL-rec\data\raw\ISL_CSLRT_Corpus\Videos_Sentence_Level\i am feeling cold\cold.MP4,True,25.0,76.0,3.04,1920.0,1080.0
i am fine. thank you sir,fine thank (2).MP4,C:\Users\nisho\OneDrive\Desktop\ISL-rec\data\raw\ISL_CSLRT_Corpus\Videos_Sentence_Level\i am fine. thank you sir\fine thank (2).MP4,True,25.0,109.0,4.36,1920.0,1080.0
i am fine. thank you sir,fine thank (3).MP4,C:\Users\nisho\OneDrive\Desktop\ISL-rec\data\raw\ISL_CSLRT_Corpus\Videos_Sentence_Level\i am fine. thank you sir\fine thank (3).MP4,True,25.0,138.0,5.52,1920.0,1080.0
i am fine. thank you sir,fine thank (4).MP4,C:\Users\nisho\OneDrive\Desktop\ISL-rec\data\raw\ISL_CSLRT_Corpus\Videos_Sentence_Level\i am fine. thank you sir\fine thank (4).MP4,True,25.0,102.0,4.08,1920.0,1080.0
i am fine. thank you sir,fine thank (5).MP4,C:\Users\nisho\OneDrive\Desktop\ISL-rec\data\raw\ISL_CSLRT_Corpus\Videos_Sentence_Level\i am fine. thank you sir\fine thank (5).MP4,True,25.0,129.0,5.16,1920.0,1080.0
i am fine. thank you sir,fine thank.MP4,C:\Users\nisho\OneDrive\Desktop\ISL-rec\data\raw\ISL_CSLRT_Corpus\Videos_Sentence_Level\i am fine. thank you sir\fine thank.MP4,True,25.0,132.0,5.28,1920.0,1080.0
i am hungry,i am hungry   (3).MP4,C:\Users\nisho\OneDrive\Desktop\ISL-rec\data\raw\ISL_CSLRT_Corpus\Videos_Sentence_Level\i am hungry\i am hungry   (3).MP4,True,25.0,103.0,4.12,1920.0,1080.0
i am hungry,i am hungry   (4).MP4,C:\Users\nisho\OneDrive\Desktop\ISL-rec\data\raw\ISL_CSLRT_Corpus\Videos_Sentence_Level\i am hungry\i am hungry   (4).MP4,True,25.0,127.0,5.08,1920.0,1080.0
i am hungry,i am hungry   (5).MP4,C:\Users\nisho\OneDrive\Desktop\ISL-rec\data\raw\ISL_CSLRT_Corpus\Videos_Sentence_Level\i am hungry\i am hungry   (5).MP4,True,25.0,106.0,4.24,1920.0,1080.0
i am hungry,i am hungry   (6).MP4,C:\Users\nisho\OneDrive\Desktop\ISL-rec\data\raw\ISL_CSLRT_Corpus\Videos_Sentence_Level\i am hungry\i am hungry   (6).MP4,True,25.0,100.0,4.0,1920.0,1080.0
i am hungry,i am hungry   (7).MP4,C:\Users\nisho\OneDrive\Desktop\ISL-rec\data\raw\ISL_CSLRT_Corpus\Videos_Sentence_Level\i am hungry\i am hungry   (7).MP4,True,25.0,104.0,4.16,1920.0,1080.0
i am in dilemma what to do,dilemma (2).MP4,C:\Users\nisho\OneDrive\Desktop\ISL-rec\data\raw\ISL_CSLRT_Corpus\Videos_Sentence_Level\i am in dilemma what to do\dilemma (2).MP4,True,25.0,153.0,6.12,1920.0,1080.0
i am in dilemma what to do,dilemma (3).MP4,C:\Users\nisho\OneDrive\Desktop\ISL-rec\data\raw\ISL_CSLRT_Corpus\Videos_Sentence_Level\i am in dilemma what to do\dilemma (3).MP4,True,25.0,183.0,7.32,1920.0,1080.0
i am in dilemma what to do,dilemma (4).MP4,C:\Users\nisho\OneDrive\Desktop\ISL-rec\data\raw\ISL_CSLRT_Corpus\Videos_Sentence_Level\i am in dilemma what to do\dilemma (4).MP4,True,25.0,192.0,7.68,1920.0,1080.0
i am in dilemma what to do,dilemma (5).MP4,C:\Users\nisho\OneDrive\Desktop\ISL-rec\data\raw\ISL_CSLRT_Corpus\Videos_Sentence_Level\i am in dilemma what to do\dilemma (5).MP4,True,25.0,141.0,5.64,1920.0,1080.0
i am in dilemma what to do,dilemma.MP4,C:\Users\nisho\OneDrive\Desktop\ISL-rec\data\raw\ISL_CSLRT_Corpus\Videos_Sentence_Level\i am in dilemma what to do\dilemma.MP4,True,25.0,168.0,6.72,1920.0,1080.0
i am not really sure,MVI_6546.MP4,C:\Users\nisho\OneDrive\Desktop\ISL-rec\data\raw\ISL_CSLRT_Corpus\Videos_Sentence_Level\i am not really sure\MVI_6546.MP4,True,25.0,78.0,3.12,1920.0,1080.0
i am not really sure,really sure (2).MP4,C:\Users\nisho\OneDrive\Desktop\ISL-rec\data\raw\ISL_CSLRT_Corpus\Videos_Sentence_Level\i am not really sure\really sure (2).MP4,True,25.0,103.0,4.12,1920.0,1080.0
i am not really sure,really sure (3).MP4,C:\Users\nisho\OneDrive\Desktop\ISL-rec\data\raw\ISL_CSLRT_Corpus\Videos_Sentence_Level\i am not really sure\really sure (3).MP4,True,25.0,81.0,3.24,1920.0,1080.0
i am not really sure,really sure (4).MP4,C:\Users\nisho\OneDrive\Desktop\ISL-rec\data\raw\ISL_CSLRT_Corpus\Videos_Sentence_Level\i am not really sure\really sure (4).MP4,True,25.0,95.0,3.8,1920.0,1080.0
i am not really sure,really sure.MP4,C:\Users\nisho\OneDrive\Desktop\ISL-rec\data\raw\ISL_CSLRT_Corpus\Videos_Sentence_Level\i am not really sure\really sure.MP4,True,25.0,100.0,4.0,1920.0,1080.0
i am really grateful,MVI_6104.MP4,C:\Users\nisho\OneDrive\Desktop\ISL-rec\data\raw\ISL_CSLRT_Corpus\Videos_Sentence_Level\i am really grateful\MVI_6104.MP4,True,25.0,133.0,5.32,1920.0,1080.0
i am really grateful,MVI_6395.MP4,C:\Users\nisho\OneDrive\Desktop\ISL-rec\data\raw\ISL_CSLRT_Corpus\Videos_Sentence_Level\i am really grateful\MVI_6395.MP4,True,25.0,131.0,5.24,1920.0,1080.0
i am really grateful,MVI_6539.MP4,C:\Users\nisho\OneDrive\Desktop\ISL-rec\data\raw\ISL_CSLRT_Corpus\Videos_Sentence_Level\i am really grateful\MVI_6539.MP4,True,25.0,93.0,3.72,1920.0,1080.0
i am really grateful,MVI_6721.MP4,C:\Users\nisho\OneDrive\Desktop\ISL-rec\data\raw\ISL_CSLRT_Corpus\Videos_Sentence_Level\i am really grateful\MVI_6721.MP4,True,25.0,120.0,4.8,1920.0,1080.0
i am really grateful,MVI_6849.MP4,C:\Users\nisho\OneDrive\Desktop\ISL-rec\data\raw\ISL_CSLRT_Corpus\Videos_Sentence_Level\i am really grateful\MVI_6849.MP4,True,25.0,110.0,4.4,1920.0,1080.0
i am sitting in the class,sitting (2).MP4,C:\Users\nisho\OneDrive\Desktop\ISL-rec\data\raw\ISL_CSLRT_Corpus\Videos_Sentence_Level\i am sitting in the class\sitting (2).MP4,True,25.0,160.0,6.4,1920.0,1080.0
i am sitting in the class,sitting (3).MP4,C:\Users\nisho\OneDrive\Desktop\ISL-rec\data\raw\ISL_CSLRT_Corpus\Videos_Sentence_Level\i am sitting in the class\sitting (3).MP4,True,25.0,173.0,6.92,1920.0,1080.0
i am sitting in the class,sitting (4).MP4,C:\Users\nisho\OneDrive\Desktop\ISL-rec\data\raw\ISL_CSLRT_Corpus\Videos_Sentence_Level\i am sitting in the class\sitting (4).MP4,True,25.0,177.0,7.08,1920.0,1080.0
i am sitting in the class,sitting (5).MP4,C:\Users\nisho\OneDrive\Desktop\ISL-rec\data\raw\ISL_CSLRT_Corpus\Videos_Sentence_Level\i am sitting in the class\sitting (5).MP4,True,25.0,176.0,7.04,1920.0,1080.0
i am sitting in the class,sitting.MP4,C:\Users\nisho\OneDrive\Desktop\ISL-rec\data\raw\ISL_CSLRT_Corpus\Videos_Sentence_Level\i am sitting in the class\sitting.MP4,True,25.0,149.0,5.96,1920.0,1080.0
i am so sorry to hear that,sorry hear (2).MP4,C:\Users\nisho\OneDrive\Desktop\ISL-rec\data\raw\ISL_CSLRT_Corpus\Videos_Sentence_Level\i am so sorry to hear that\sorry hear (2).MP4,True,25.0,88.0,3.52,1920.0,1080.0
i am so sorry to hear that,sorry hear (3).MP4,C:\Users\nisho\OneDrive\Desktop\ISL-rec\data\raw\ISL_CSLRT_Corpus\Videos_Sentence_Level\i am so sorry to hear that\sorry hear (3).MP4,True,25.0,131.0,5.24,1920.0,1080.0
i am so sorry to hear that,sorry hear (4).MP4,C:\Users\nisho\OneDrive\Desktop\ISL-rec\data\raw\ISL_CSLRT_Corpus\Videos_Sentence_Level\i am so sorry to hear that\sorry hear (4).MP4,True,25.0,115.0,4.6,1920.0,1080.0
i am so sorry to hear that,sorry hear (5).MP4,C:\Users\nisho\OneDrive\Desktop\ISL-rec\data\raw\ISL_CSLRT_Corpus\Videos_Sentence_Level\i am so sorry to hear that\sorry hear (5).MP4,True,25.0,113.0,4.52,1920.0,1080.0
i am so sorry to hear that,sorry hear.MP4,C:\Users\nisho\OneDrive\Desktop\ISL-rec\data\raw\ISL_CSLRT_Corpus\Videos_Sentence_Level\i am so sorry to hear that\sorry hear.MP4,True,25.0,123.0,4.92,1920.0,1080.0
i am suffering from fever,fever (2).MP4,C:\Users\nisho\OneDrive\Desktop\ISL-rec\data\raw\ISL_CSLRT_Corpus\Videos_Sentence_Level\i am suffering from fever\fever (2).MP4,True,25.0,72.0,2.88,1920.0,1080.0
i am suffering from fever,fever (3).MP4,C:\Users\nisho\OneDrive\Desktop\ISL-rec\data\raw\ISL_CSLRT_Corpus\Videos_Sentence_Level\i am suffering from fever\fever (3).MP4,True,25.0,100.0,4.0,1920.0,1080.0
i am suffering from fever,fever (4).MP4,C:\Users\nisho\OneDrive\Desktop\ISL-rec\data\raw\ISL_CSLRT_Corpus\Videos_Sentence_Level\i am suffering from fever\fever (4).MP4,True,25.0,101.0,4.04,1920.0,1080.0
i am suffering from fever,fever (5).MP4,C:\Users\nisho\OneDrive\Desktop\ISL-rec\data\raw\ISL_CSLRT_Corpus\Videos_Sentence_Level\i am suffering from fever\fever (5).MP4,True,25.0,97.0,3.88,1920.0,1080.0
i am suffering from fever,fever.MP4,C:\Users\nisho\OneDrive\Desktop\ISL-rec\data\raw\ISL_CSLRT_Corpus\Videos_Sentence_Level\i am suffering from fever\fever.MP4,True,25.0,98.0,3.92,1920.0,1080.0
i am tired,tired (2).MP4,C:\Users\nisho\OneDrive\Desktop\ISL-rec\data\raw\ISL_CSLRT_Corpus\Videos_Sentence_Level\i am tired\tired (2).MP4,True,25.0,95.0,3.8,1920.0,1080.0
i am tired,tired (3).MP4,C:\Users\nisho\OneDrive\Desktop\ISL-rec\data\raw\ISL_CSLRT_Corpus\Videos_Sentence_Level\i am tired\tired (3).MP4,True,25.0,102.0,4.08,1920.0,1080.0
i am tired,tired (4).MP4,C:\Users\nisho\OneDrive\Desktop\ISL-rec\data\raw\ISL_CSLRT_Corpus\Videos_Sentence_Level\i am tired\tired (4).MP4,True,25.0,74.0,2.96,1920.0,1080.0
i am tired,tired (5).MP4,C:\Users\nisho\OneDrive\Desktop\ISL-rec\data\raw\ISL_CSLRT_Corpus\Videos_Sentence_Level\i am tired\tired (5).MP4,True,25.0,116.0,4.64,1920.0,1080.0
i am tired,tired.MP4,C:\Users\nisho\OneDrive\Desktop\ISL-rec\data\raw\ISL_CSLRT_Corpus\Videos_Sentence_Level\i am tired\tired.MP4,True,25.0,105.0,4.2,1920.0,1080.0
i am very happy,very happy (2).MP4,C:\Users\nisho\OneDrive\Desktop\ISL-rec\data\raw\ISL_CSLRT_Corpus\Videos_Sentence_Level\i am very happy\very happy (2).MP4,True,25.0,87.0,3.48,1920.0,1080.0
i am very happy,very happy (3).MP4,C:\Users\nisho\OneDrive\Desktop\ISL-rec\data\raw\ISL_CSLRT_Corpus\Videos_Sentence_Level\i am very happy\very happy (3).MP4,True,25.0,74.0,2.96,1920.0,1080.0
i am very happy,very happy (4).MP4,C:\Users\nisho\OneDrive\Desktop\ISL-rec\data\raw\ISL_CSLRT_Corpus\Videos_Sentence_Level\i am very happy\very happy (4).MP4,True,25.0,110.0,4.4,1920.0,1080.0
i am very happy,very happy.MP4,C:\Users\nisho\OneDrive\Desktop\ISL-rec\data\raw\ISL_CSLRT_Corpus\Videos_Sentence_Level\i am very happy\very happy.MP4,True,25.0,89.0,3.56,1920.0,1080.0
i can not help you there,MVI_6109.MP4,C:\Users\nisho\OneDrive\Desktop\ISL-rec\data\raw\ISL_CSLRT_Corpus\Videos_Sentence_Level\i can not help you there\MVI_6109.MP4,True,25.0,128.0,5.12,1920.0,1080.0
i can not help you there,MVI_6399.MP4,C:\Users\nisho\OneDrive\Desktop\ISL-rec\data\raw\ISL_CSLRT_Corpus\Videos_Sentence_Level\i can not help you there\MVI_6399.MP4,True,25.0,109.0,4.36,1920.0,1080.0
i can not help you there,MVI_6545.MP4,C:\Users\nisho\OneDrive\Desktop\ISL-rec\data\raw\ISL_CSLRT_Corpus\Videos_Sentence_Level\i can not help you there\MVI_6545.MP4,True,25.0,94.0,3.76,1920.0,1080.0
i can not help you there,MVI_6725.MP4,C:\Users\nisho\OneDrive\Desktop\ISL-rec\data\raw\ISL_CSLRT_Corpus\Videos_Sentence_Level\i can not help you there\MVI_6725.MP4,True,25.0,101.0,4.04,1920.0,1080.0
i can not help you there,MVI_6854.MP4,C:\Users\nisho\OneDrive\Desktop\ISL-rec\data\raw\ISL_CSLRT_Corpus\Videos_Sentence_Level\i can not help you there\MVI_6854.MP4,True,25.0,86.0,3.44,1920.0,1080.0
i do not agree,agree (2).MP4,C:\Users\nisho\OneDrive\Desktop\ISL-rec\data\raw\ISL_CSLRT_Corpus\Videos_Sentence_Level\i do not agree\agree (2).MP4,True,25.0,102.0,4.08,1920.0,1080.0
i do not agree,agree (3).MP4,C:\Users\nisho\OneDrive\Desktop\ISL-rec\data\raw\ISL_CSLRT_Corpus\Videos_Sentence_Level\i do not agree\agree (3).MP4,True,25.0,110.0,4.4,1920.0,1080.0
i do not agree,agree (4).MP4,C:\Users\nisho\OneDrive\Desktop\ISL-rec\data\raw\ISL_CSLRT_Corpus\Videos_Sentence_Level\i do not agree\agree (4).MP4,True,25.0,110.0,4.4,1920.0,1080.0
i do not agree,agree (5).MP4,C:\Users\nisho\OneDrive\Desktop\ISL-rec\data\raw\ISL_CSLRT_Corpus\Videos_Sentence_Level\i do not agree\agree (5).MP4,True,25.0,130.0,5.2,1920.0,1080.0
i do not agree,agree.MP4,C:\Users\nisho\OneDrive\Desktop\ISL-rec\data\raw\ISL_CSLRT_Corpus\Videos_Sentence_Level\i do not agree\agree.MP4,True,25.0,100.0,4.0,1920.0,1080.0
i do not like it,hate (2).MP4,C:\Users\nisho\OneDrive\Desktop\ISL-rec\data\raw\ISL_CSLRT_Corpus\Videos_Sentence_Level\i do not like it\hate (2).MP4,True,25.0,88.0,3.52,1920.0,1080.0
i do not like it,hate (3).MP4,C:\Users\nisho\OneDrive\Desktop\ISL-rec\data\raw\ISL_CSLRT_Corpus\Videos_Sentence_Level\i do not like it\hate (3).MP4,True,25.0,104.0,4.16,1920.0,1080.0
i do not like it,hate (4).MP4,C:\Users\nisho\OneDrive\Desktop\ISL-rec\data\raw\ISL_CSLRT_Corpus\Videos_Sentence_Level\i do not like it\hate (4).MP4,True,25.0,109.0,4.36,1920.0,1080.0
i do not like it,hate it.MP4,C:\Users\nisho\OneDrive\Desktop\ISL-rec\data\raw\ISL_CSLRT_Corpus\Videos_Sentence_Level\i do not like it\hate it.MP4,True,25.0,105.0,4.2,1920.0,1080.0
i do not like it,hate.MP4,C:\Users\nisho\OneDrive\Desktop\ISL-rec\data\raw\ISL_CSLRT_Corpus\Videos_Sentence_Level\i do not like it\hate.MP4,True,25.0,110.0,4.4,1920.0,1080.0
i do not mean it,mean (2).MP4,C:\Users\nisho\OneDrive\Desktop\ISL-rec\data\raw\ISL_CSLRT_Corpus\Videos_Sentence_Level\i do not mean it\mean (2).MP4,True,25.0,149.0,5.96,1920.0,1080.0
i do not mean it,mean (3).MP4,C:\Users\nisho\OneDrive\Desktop\ISL-rec\data\raw\ISL_CSLRT_Corpus\Videos_Sentence_Level\i do not mean it\mean (3).MP4,True,25.0,125.0,5.0,1920.0,1080.0
i do not mean it,mean (4).MP4,C:\Users\nisho\OneDrive\Desktop\ISL-rec\data\raw\ISL_CSLRT_Corpus\Videos_Sentence_Level\i do not mean it\mean (4).MP4,True,25.0,107.0,4.28,1920.0,1080.0
i do not mean it,mean (5).MP4,C:\Users\nisho\OneDrive\Desktop\ISL-rec\data\raw\ISL_CSLRT_Corpus\Videos_Sentence_Level\i do not mean it\mean (5).MP4,True,25.0,173.0,6.92,1920.0,1080.0
i do not mean it,mean.MP4,C:\Users\nisho\OneDrive\Desktop\ISL-rec\data\raw\ISL_CSLRT_Corpus\Videos_Sentence_Level\i do not mean it\mean.MP4,True,25.0,105.0,4.2,1920.0,1080.0
i dont agree,MVI_6494.MP4,C:\Users\nisho\OneDrive\Desktop\ISL-rec\data\raw\ISL_CSLRT_Corpus\Videos_Sentence_Level\i dont agree\MVI_6494.MP4,True,25.0,100.0,4.0,1920.0,1080.0
i enjoyed a lot,enjoy (2).MP4,C:\Users\nisho\OneDrive\Desktop\ISL-rec\data\raw\ISL_CSLRT_Corpus\Videos_Sentence_Level\i enjoyed a lot\enjoy (2).MP4,True,25.0,83.0,3.32,1920.0,1080.0
i enjoyed a lot,enjoy.MP4,C:\Users\nisho\OneDrive\Desktop\ISL-rec\data\raw\ISL_CSLRT_Corpus\Videos_Sentence_Level\i enjoyed a lot\enjoy.MP4,True,25.0,71.0,2.84,1920.0,1080.0
i enjoyed a lot,enjoyed (2).MP4,C:\Users\nisho\OneDrive\Desktop\ISL-rec\data\raw\ISL_CSLRT_Corpus\Videos_Sentence_Level\i enjoyed a lot\enjoyed (2).MP4,True,25.0,96.0,3.84,1920.0,1080.0
i enjoyed a lot,enjoyed (3).MP4,C:\Users\nisho\OneDrive\Desktop\ISL-rec\data\raw\ISL_CSLRT_Corpus\Videos_Sentence_Level\i enjoyed a lot\enjoyed (3).MP4,True,25.0,112.0,4.48,1920.0,1080.0
i enjoyed a lot,enjoyed (4).MP4,C:\Users\nisho\OneDrive\Desktop\ISL-rec\data\raw\ISL_CSLRT_Corpus\Videos_Sentence_Level\i enjoyed a lot\enjoyed (4).MP4,True,25.0,99.0,3.96,1920.0,1080.0
i enjoyed a lot,enjoyed.MP4,C:\Users\nisho\OneDrive\Desktop\ISL-rec\data\raw\ISL_CSLRT_Corpus\Videos_Sentence_Level\i enjoyed a lot\enjoyed.MP4,True,25.0,94.0,3.76,1920.0,1080.0
i got hurt,got hurt (2).MP4,C:\Users\nisho\OneDrive\Desktop\ISL-rec\data\raw\ISL_CSLRT_Corpus\Videos_Sentence_Level\i got hurt\got hurt (2).MP4,True,25.0,95.0,3.8,1920.0,1080.0
i got hurt,got hurt (3).MP4,C:\Users\nisho\OneDrive\Desktop\ISL-rec\data\raw\ISL_CSLRT_Corpus\Videos_Sentence_Level\i got hurt\got hurt (3).MP4,True,25.0,106.0,4.24,1920.0,1080.0
i got hurt,got hurt (4).MP4,C:\Users\nisho\OneDrive\Desktop\ISL-rec\data\raw\ISL_CSLRT_Corpus\Videos_Sentence_Level\i got hurt\got hurt (4).MP4,True,25.0,95.0,3.8,1920.0,1080.0
i got hurt,got hurt (5).MP4,C:\Users\nisho\OneDrive\Desktop\ISL-rec\data\raw\ISL_CSLRT_Corpus\Videos_Sentence_Level\i got hurt\got hurt (5).MP4,True,25.0,120.0,4.8,1920.0,1080.0
i got hurt,got hurt.MP4,C:\Users\nisho\OneDrive\Desktop\ISL-rec\data\raw\ISL_CSLRT_Corpus\Videos_Sentence_Level\i got hurt\got hurt.MP4,True,25.0,97.0,3.88,1920.0,1080.0
i like you i love you,love.MP4,C:\Users\nisho\OneDrive\Desktop\ISL-rec\data\raw\ISL_CSLRT_Corpus\Videos_Sentence_Level\i like you i love you\love.MP4,True,25.0,97.0,3.88,1920.0,1080.0
i like you i love you,MVI_6207.MP4,C:\Users\nisho\OneDrive\Desktop\ISL-rec\data\raw\ISL_CSLRT_Corpus\Videos_Sentence_Level\i like you i love you\MVI_6207.MP4,True,25.0,76.0,3.04,1920.0,1080.0
i like you i love you,MVI_6505.MP4,C:\Users\nisho\OneDrive\Desktop\ISL-rec\data\raw\ISL_CSLRT_Corpus\Videos_Sentence_Level\i like you i love you\MVI_6505.MP4,True,25.0,76.0,3.04,1920.0,1080.0
i like you i love you,MVI_6682.MP4,C:\Users\nisho\OneDrive\Desktop\ISL-rec\data\raw\ISL_CSLRT_Corpus\Videos_Sentence_Level\i like you i love you\MVI_6682.MP4,True,25.0,79.0,3.16,1920.0,1080.0
i like you i love you,MVI_6814.MP4,C:\Users\nisho\OneDrive\Desktop\ISL-rec\data\raw\ISL_CSLRT_Corpus\Videos_Sentence_Level\i like you i love you\MVI_6814.MP4,True,25.0,97.0,3.88,1920.0,1080.0
i like you i love you,MVI_6956.MP4,C:\Users\nisho\OneDrive\Desktop\ISL-rec\data\raw\ISL_CSLRT_Corpus\Videos_Sentence_Level\i like you i love you\MVI_6956.MP4,True,25.0,77.0,3.08,1920.0,1080.0
i need water,i need water 3.MP4,C:\Users\nisho\OneDrive\Desktop\ISL-rec\data\raw\ISL_CSLRT_Corpus\Videos_Sentence_Level\i need water\i need water 3.MP4,True,25.0,125.0,5.0,1920.0,1080.0
i need water,i need water 4.MP4,C:\Users\nisho\OneDrive\Desktop\ISL-rec\data\raw\ISL_CSLRT_Corpus\Videos_Sentence_Level\i need water\i need water 4.MP4,True,25.0,98.0,3.92,1920.0,1080.0
i need water,i need water 5.MP4,C:\Users\nisho\OneDrive\Desktop\ISL-rec\data\raw\ISL_CSLRT_Corpus\Videos_Sentence_Level\i need water\i need water 5.MP4,True,25.0,106.0,4.24,1920.0,1080.0
i need water,i need water 6.MP4,C:\Users\nisho\OneDrive\Desktop\ISL-rec\data\raw\ISL_CSLRT_Corpus\Videos_Sentence_Level\i need water\i need water 6.MP4,True,25.0,133.0,5.32,1920.0,1080.0
i need water,i need water 7.MP4,C:\Users\nisho\OneDrive\Desktop\ISL-rec\data\raw\ISL_CSLRT_Corpus\Videos_Sentence_Level\i need water\i need water 7.MP4,True,25.0,131.0,5.24,1920.0,1080.0
i promise,promise (2).MP4,C:\Users\nisho\OneDrive\Desktop\ISL-rec\data\raw\ISL_CSLRT_Corpus\Videos_Sentence_Level\i promise\promise (2).MP4,True,25.0,109.0,4.36,1920.0,1080.0
i promise,promise (3).MP4,C:\Users\nisho\OneDrive\Desktop\ISL-rec\data\raw\ISL_CSLRT_Corpus\Videos_Sentence_Level\i promise\promise (3).MP4,True,25.0,94.0,3.76,1920.0,1080.0
i promise,promise (4).MP4,C:\Users\nisho\OneDrive\Desktop\ISL-rec\data\raw\ISL_CSLRT_Corpus\Videos_Sentence_Level\i promise\promise (4).MP4,True,25.0,95.0,3.8,1920.0,1080.0
i promise,promise (5).MP4,C:\Users\nisho\OneDrive\Desktop\ISL-rec\data\raw\ISL_CSLRT_Corpus\Videos_Sentence_Level\i promise\promise (5).MP4,True,25.0,91.0,3.64,1920.0,1080.0
i promise,promise.MP4,C:\Users\nisho\OneDrive\Desktop\ISL-rec\data\raw\ISL_CSLRT_Corpus\Videos_Sentence_Level\i promise\promise.MP4,True,25.0,88.0,3.52,1920.0,1080.0
i really appreciate it,i really appreciate it (3).MP4,C:\Users\nisho\OneDrive\Desktop\ISL-rec\data\raw\ISL_CSLRT_Corpus\Videos_Sentence_Level\i really appreciate it\i really appreciate it (3).MP4,True,25.0,105.0,4.2,1920.0,1080.0
i really appreciate it,i really appreciate it (4).MP4,C:\Users\nisho\OneDrive\Desktop\ISL-rec\data\raw\ISL_CSLRT_Corpus\Videos_Sentence_Level\i really appreciate it\i really appreciate it (4).MP4,True,25.0,116.0,4.64,1920.0,1080.0
i really appreciate it,i really appreciate it (5).MP4,C:\Users\nisho\OneDrive\Desktop\ISL-rec\data\raw\ISL_CSLRT_Corpus\Videos_Sentence_Level\i really appreciate it\i really appreciate it (5).MP4,True,25.0,99.0,3.96,1920.0,1080.0
i really appreciate it,i really appreciate it (6).MP4,C:\Users\nisho\OneDrive\Desktop\ISL-rec\data\raw\ISL_CSLRT_Corpus\Videos_Sentence_Level\i really appreciate it\i really appreciate it (6).MP4,True,25.0,93.0,3.72,1920.0,1080.0
i really appreciate it,i really appreciate it (7).MP4,C:\Users\nisho\OneDrive\Desktop\ISL-rec\data\raw\ISL_CSLRT_Corpus\Videos_Sentence_Level\i really appreciate it\i really appreciate it (7).MP4,True,25.0,90.0,3.6,1920.0,1080.0
i somehow got to know about it,somehow (2).MP4,C:\Users\nisho\OneDrive\Desktop\ISL-rec\data\raw\ISL_CSLRT_Corpus\Videos_Sentence_Level\i somehow got to know about it\somehow (2).MP4,True,25.0,104.0,4.16,1920.0,1080.0
i somehow got to know about it,somehow (3).MP4,C:\Users\nisho\OneDrive\Desktop\ISL-rec\data\raw\ISL_CSLRT_Corpus\Videos_Sentence_Level\i somehow got to know about it\somehow (3).MP4,True,25.0,149.0,5.96,1920.0,1080.0
i somehow got to know about it,somehow (4).MP4,C:\Users\nisho\OneDrive\Desktop\ISL-rec\data\raw\ISL_CSLRT_Corpus\Videos_Sentence_Level\i somehow got to know about it\somehow (4).MP4,True,25.0,146.0,5.84,1920.0,1080.0
i somehow got to know about it,somehow (5).MP4,C:\Users\nisho\OneDrive\Desktop\ISL-rec\data\raw\ISL_CSLRT_Corpus\Videos_Sentence_Level\i somehow got to know about it\somehow (5).MP4,True,25.0,122.0,4.88,1920.0,1080.0
i somehow got to know about it,somehow.MP4,C:\Users\nisho\OneDrive\Desktop\ISL-rec\data\raw\ISL_CSLRT_Corpus\Videos_Sentence_Level\i somehow got to know about it\somehow.MP4,True,25.0,116.0,4.64,1920.0,1080.0
i was stopped by some one,MVI_6504.MP4,C:\Users\nisho\OneDrive\Desktop\ISL-rec\data\raw\ISL_CSLRT_Corpus\Videos_Sentence_Level\i was stopped by some one\MVI_6504.MP4,True,25.0,121.0,4.84,1920.0,1080.0
i was stopped by some one,MVI_6955.MP4,C:\Users\nisho\OneDrive\Desktop\ISL-rec\data\raw\ISL_CSLRT_Corpus\Videos_Sentence_Level\i was stopped by some one\MVI_6955.MP4,True,25.0,116.0,4.64,1920.0,1080.0
i was stopped by some one,stopped (2).MP4,C:\Users\nisho\OneDrive\Desktop\ISL-rec\data\raw\ISL_CSLRT_Corpus\Videos_Sentence_Level\i was stopped by some one\stopped (2).MP4,True,25.0,129.0,5.16,1920.0,1080.0
i was stopped by some one,stopped (3).MP4,C:\Users\nisho\OneDrive\Desktop\ISL-rec\data\raw\ISL_CSLRT_Corpus\Videos_Sentence_Level\i was stopped by some one\stopped (3).MP4,True,25.0,104.0,4.16,1920.0,1080.0
i was stopped by some one,stopped.MP4,C:\Users\nisho\OneDrive\Desktop\ISL-rec\data\raw\ISL_CSLRT_Corpus\Videos_Sentence_Level\i was stopped by some one\stopped.MP4,True,25.0,118.0,4.72,1920.0,1080.0
it does not make any difference to me,difference (2).MP4,C:\Users\nisho\OneDrive\Desktop\ISL-rec\data\raw\ISL_CSLRT_Corpus\Videos_Sentence_Level\it does not make any difference to me\difference (2).MP4,True,25.0,155.0,6.2,1920.0,1080.0
it does not make any difference to me,difference (3).MP4,C:\Users\nisho\OneDrive\Desktop\ISL-rec\data\raw\ISL_CSLRT_Corpus\Videos_Sentence_Level\it does not make any difference to me\difference (3).MP4,True,25.0,121.0,4.84,1920.0,1080.0
it does not make any difference to me,difference (4).MP4,C:\Users\nisho\OneDrive\Desktop\ISL-rec\data\raw\ISL_CSLRT_Corpus\Videos_Sentence_Level\it does not make any difference to me\difference (4).MP4,True,25.0,121.0,4.84,1920.0,1080.0
it does not make any difference to me,difference (5).MP4,C:\Users\nisho\OneDrive\Desktop\ISL-rec\data\raw\ISL_CSLRT_Corpus\Videos_Sentence_Level\it does not make any difference to me\difference (5).MP4,True,25.0,126.0,5.04,1920.0,1080.0
it does not make any difference to me,difference.MP4,C:\Users\nisho\OneDrive\Desktop\ISL-rec\data\raw\ISL_CSLRT_Corpus\Videos_Sentence_Level\it does not make any difference to me\difference.MP4,True,25.0,109.0,4.36,1920.0,1080.0
it was nice chatting with you,MVI_6107.MP4,C:\Users\nisho\OneDrive\Desktop\ISL-rec\data\raw\ISL_CSLRT_Corpus\Videos_Sentence_Level\it was nice chatting with you\MVI_6107.MP4,True,25.0,135.0,5.4,1920.0,1080.0
it was nice chatting with you,MVI_6398.MP4,C:\Users\nisho\OneDrive\Desktop\ISL-rec\data\raw\ISL_CSLRT_Corpus\Videos_Sentence_Level\it was nice chatting with you\MVI_6398.MP4,True,25.0,130.0,5.2,1920.0,1080.0
it was nice chatting with you,MVI_6542.MP4,C:\Users\nisho\OneDrive\Desktop\ISL-rec\data\raw\ISL_CSLRT_Corpus\Videos_Sentence_Level\it was nice chatting with you\MVI_6542.MP4,True,25.0,126.0,5.04,1920.0,1080.0
it was nice chatting with you,MVI_6724.MP4,C:\Users\nisho\OneDrive\Desktop\ISL-rec\data\raw\ISL_CSLRT_Corpus\Videos_Sentence_Level\it was nice chatting with you\MVI_6724.MP4,True,25.0,127.0,5.08,1920.0,1080.0
it was nice chatting with you,MVI_6853.MP4,C:\Users\nisho\OneDrive\Desktop\ISL-rec\data\raw\ISL_CSLRT_Corpus\Videos_Sentence_Level\it was nice chatting with you\MVI_6853.MP4,True,25.0,134.0,5.36,1920.0,1080.0
let him take time,time (2).MP4,C:\Users\nisho\OneDrive\Desktop\ISL-rec\data\raw\ISL_CSLRT_Corpus\Videos_Sentence_Level\let him take time\time (2).MP4,True,25.0,86.0,3.44,1920.0,1080.0
let him take time,time (3).MP4,C:\Users\nisho\OneDrive\Desktop\ISL-rec\data\raw\ISL_CSLRT_Corpus\Videos_Sentence_Level\let him take time\time (3).MP4,True,25.0,117.0,4.68,1920.0,1080.0
let him take time,time (4).MP4,C:\Users\nisho\OneDrive\Desktop\ISL-rec\data\raw\ISL_CSLRT_Corpus\Videos_Sentence_Level\let him take time\time (4).MP4,True,25.0,101.0,4.04,1920.0,1080.0
let him take time,time (5).MP4,C:\Users\nisho\OneDrive\Desktop\ISL-rec\data\raw\ISL_CSLRT_Corpus\Videos_Sentence_Level\let him take time\time (5).MP4,True,25.0,90.0,3.6,1920.0,1080.0
let him take time,time.MP4,C:\Users\nisho\OneDrive\Desktop\ISL-rec\data\raw\ISL_CSLRT_Corpus\Videos_Sentence_Level\let him take time\time.MP4,True,25.0,95.0,3.8,1920.0,1080.0
my name is xxxxxxxx,my name is xxxxxxxx (1).MP4,C:\Users\nisho\OneDrive\Desktop\ISL-rec\data\raw\ISL_CSLRT_Corpus\Videos_Sentence_Level\my name is xxxxxxxx\my name is xxxxxxxx (1).MP4,True,25.0,86.0,3.44,1920.0,1080.0
my name is xxxxxxxx,my name is xxxxxxxx (2).MP4,C:\Users\nisho\OneDrive\Desktop\ISL-rec\data\raw\ISL_CSLRT_Corpus\Videos_Sentence_Level\my name is xxxxxxxx\my name is xxxxxxxx (2).MP4,True,25.0,88.0,3.52,1920.0,1080.0
my name is xxxxxxxx,my name is xxxxxxxx (3).MP4,C:\Users\nisho\OneDrive\Desktop\ISL-rec\data\raw\ISL_CSLRT_Corpus\Videos_Sentence_Level\my name is xxxxxxxx\my name is xxxxxxxx (3).MP4,True,25.0,56.0,2.24,1920.0,1080.0
my name is xxxxxxxx,my name is xxxxxxxx (4).MP4,C:\Users\nisho\OneDrive\Desktop\ISL-rec\data\raw\ISL_CSLRT_Corpus\Videos_Sentence_Level\my name is xxxxxxxx\my name is xxxxxxxx (4).MP4,True,25.0,71.0,2.84,1920.0,1080.0
my name is xxxxxxxx,my name is xxxxxxxx (5).MP4,C:\Users\nisho\OneDrive\Desktop\ISL-rec\data\raw\ISL_CSLRT_Corpus\Videos_Sentence_Level\my name is xxxxxxxx\my name is xxxxxxxx (5).MP4,True,25.0,67.0,2.68,1920.0,1080.0
nice to meet you,nice to meet you (1).MP4,C:\Users\nisho\OneDrive\Desktop\ISL-rec\data\raw\ISL_CSLRT_Corpus\Videos_Sentence_Level\nice to meet you\nice to meet you (1).MP4,True,25.0,118.0,4.72,1920.0,1080.0
nice to meet you,nice to meet you (3).MP4,C:\Users\nisho\OneDrive\Desktop\ISL-rec\data\raw\ISL_CSLRT_Corpus\Videos_Sentence_Level\nice to meet you\nice to meet you (3).MP4,True,25.0,115.0,4.6,1920.0,1080.0
nice to meet you,nice to meet you (4).MP4,C:\Users\nisho\OneDrive\Desktop\ISL-rec\data\raw\ISL_CSLRT_Corpus\Videos_Sentence_Level\nice to meet you\nice to meet you (4).MP4,True,25.0,111.0,4.44,1920.0,1080.0
nice to meet you,nice to meet you (5).MP4,C:\Users\nisho\OneDrive\Desktop\ISL-rec\data\raw\ISL_CSLRT_Corpus\Videos_Sentence_Level\nice to meet you\nice to meet you (5).MP4,True,25.0,128.0,5.12,1920.0,1080.0
nice to meet you,nice to meet you (6).MP4,C:\Users\nisho\OneDrive\Desktop\ISL-rec\data\raw\ISL_CSLRT_Corpus\Videos_Sentence_Level\nice to meet you\nice to meet you (6).MP4,True,25.0,94.0,3.76,1920.0,1080.0
No need to worry dont worry,MVI_6496.MP4,C:\Users\nisho\OneDrive\Desktop\ISL-rec\data\raw\ISL_CSLRT_Corpus\Videos_Sentence_Level\No need to worry dont worry\MVI_6496.MP4,True,25.0,97.0,3.88,1920.0,1080.0
now onwards he will never hurt you,never hurt (2).MP4,C:\Users\nisho\OneDrive\Desktop\ISL-rec\data\raw\ISL_CSLRT_Corpus\Videos_Sentence_Level\now onwards he will never hurt you\never hurt (2).MP4,True,25.0,131.0,5.24,1920.0,1080.0
now onwards he will never hurt you,never hurt (3).MP4,C:\Users\nisho\OneDrive\Desktop\ISL-rec\data\raw\ISL_CSLRT_Corpus\Videos_Sentence_Level\now onwards he will never hurt you\never hurt (3).MP4,True,25.0,170.0,6.8,1920.0,1080.0
now onwards he will never hurt you,never hurt (4).MP4,C:\Users\nisho\OneDrive\Desktop\ISL-rec\data\raw\ISL_CSLRT_Corpus\Videos_Sentence_Level\now onwards he will never hurt you\never hurt (4).MP4,True,25.0,153.0,6.12,1920.0,1080.0
now onwards he will never hurt you,never hurt (5).MP4,C:\Users\nisho\OneDrive\Desktop\ISL-rec\data\raw\ISL_CSLRT_Corpus\Videos_Sentence_Level\now onwards he will never hurt you\never hurt (5).MP4,True,25.0,179.0,7.16,1920.0,1080.0
now onwards he will never hurt you,never hurt.MP4,C:\Users\nisho\OneDrive\Desktop\ISL-rec\data\raw\ISL_CSLRT_Corpus\Videos_Sentence_Level\now onwards he will never hurt you\never hurt.MP4,True,25.0,146.0,5.84,1920.0,1080.0
pour some more water into the glass,pour (2).MP4,C:\Users\nisho\OneDrive\Desktop\ISL-rec\data\raw\ISL_CSLRT_Corpus\Videos_Sentence_Level\pour some more water into the glass\pour (2).MP4,True,25.0,93.0,3.72,1920.0,1080.0
pour some more water into the glass,pour (3).MP4,C:\Users\nisho\OneDrive\Desktop\ISL-rec\data\raw\ISL_CSLRT_Corpus\Videos_Sentence_Level\pour some more water into the glass\pour (3).MP4,True,25.0,96.0,3.84,1920.0,1080.0
pour some more water into the glass,pour (4).MP4,C:\Users\nisho\OneDrive\Desktop\ISL-rec\data\raw\ISL_CSLRT_Corpus\Videos_Sentence_Level\pour some more water into the glass\pour (4).MP4,True,25.0,92.0,3.68,1920.0,1080.0
pour some more water into the glass,pour (5).MP4,C:\Users\nisho\OneDrive\Desktop\ISL-rec\data\raw\ISL_CSLRT_Corpus\Videos_Sentence_Level\pour some more water into the glass\pour (5).MP4,True,25.0,96.0,3.84,1920.0,1080.0
pour some more water into the glass,pour.MP4,C:\Users\nisho\OneDrive\Desktop\ISL-rec\data\raw\ISL_CSLRT_Corpus\Videos_Sentence_Level\pour some more water into the glass\pour.MP4,True,25.0,100.0,4.0,1920.0,1080.0
prepare the bed,bed (2).MP4,C:\Users\nisho\OneDrive\Desktop\ISL-rec\data\raw\ISL_CSLRT_Corpus\Videos_Sentence_Level\prepare the bed\bed (2).MP4,True,25.0,96.0,3.84,1920.0,1080.0
prepare the bed,bed (3).MP4,C:\Users\nisho\OneDrive\Desktop\ISL-rec\data\raw\ISL_CSLRT_Corpus\Videos_Sentence_Level\prepare the bed\bed (3).MP4,True,25.0,145.0,5.8,1920.0,1080.0
prepare the bed,bed (4).MP4,C:\Users\nisho\OneDrive\Desktop\ISL-rec\data\raw\ISL_CSLRT_Corpus\Videos_Sentence_Level\prepare the bed\bed (4).MP4,True,25.0,110.0,4.4,1920.0,1080.0
prepare the bed,bed (5).MP4,C:\Users\nisho\OneDrive\Desktop\ISL-rec\data\raw\ISL_CSLRT_Corpus\Videos_Sentence_Level\prepare the bed\bed (5).MP4,True,25.0,120.0,4.8,1920.0,1080.0
prepare the bed,bed.MP4,C:\Users\nisho\OneDrive\Desktop\ISL-rec\data\raw\ISL_CSLRT_Corpus\Videos_Sentence_Level\prepare the bed\bed.MP4,True,25.0,115.0,4.6,1920.0,1080.0
serve the food,serve (2).MP4,C:\Users\nisho\OneDrive\Desktop\ISL-rec\data\raw\ISL_CSLRT_Corpus\Videos_Sentence_Level\serve the food\serve (2).MP4,True,25.0,113.0,4.52,1920.0,1080.0
serve the food,serve (3).MP4,C:\Users\nisho\OneDrive\Desktop\ISL-rec\data\raw\ISL_CSLRT_Corpus\Videos_Sentence_Level\serve the food\serve (3).MP4,True,25.0,166.0,6.64,1920.0,1080.0
serve the food,serve (4).MP4,C:\Users\nisho\OneDrive\Desktop\ISL-rec\data\raw\ISL_CSLRT_Corpus\Videos_Sentence_Level\serve the food\serve (4).MP4,True,25.0,125.0,5.0,1920.0,1080.0
serve the food,serve (5).MP4,C:\Users\nisho\OneDrive\Desktop\ISL-rec\data\raw\ISL_CSLRT_Corpus\Videos_Sentence_Level\serve the food\serve (5).MP4,True,25.0,112.0,4.48,1920.0,1080.0
serve the food,serve 1.MP4,C:\Users\nisho\OneDrive\Desktop\ISL-rec\data\raw\ISL_CSLRT_Corpus\Videos_Sentence_Level\serve the food\serve 1.MP4,True,25.0,142.0,5.68,1920.0,1080.0
serve the food,serve food.MP4,C:\Users\nisho\OneDrive\Desktop\ISL-rec\data\raw\ISL_CSLRT_Corpus\Videos_Sentence_Level\serve the food\serve food.MP4,True,25.0,120.0,4.8,1920.0,1080.0
serve the food,serve.MP4,C:\Users\nisho\OneDrive\Desktop\ISL-rec\data\raw\ISL_CSLRT_Corpus\Videos_Sentence_Level\serve the food\serve.MP4,True,25.0,126.0,5.04,1920.0,1080.0
shall we go outside,MVI_6498.MP4,C:\Users\nisho\OneDrive\Desktop\ISL-rec\data\raw\ISL_CSLRT_Corpus\Videos_Sentence_Level\shall we go outside\MVI_6498.MP4,True,25.0,92.0,3.68,1920.0,1080.0
shall we go outside,outside (2).MP4,C:\Users\nisho\OneDrive\Desktop\ISL-rec\data\raw\ISL_CSLRT_Corpus\Videos_Sentence_Level\shall we go outside\outside (2).MP4,True,25.0,107.0,4.28,1920.0,1080.0
shall we go outside,outside (3).MP4,C:\Users\nisho\OneDrive\Desktop\ISL-rec\data\raw\ISL_CSLRT_Corpus\Videos_Sentence_Level\shall we go outside\outside (3).MP4,True,25.0,97.0,3.88,1920.0,1080.0
shall we go outside,outside (4).MP4,C:\Users\nisho\OneDrive\Desktop\ISL-rec\data\raw\ISL_CSLRT_Corpus\Videos_Sentence_Level\shall we go outside\outside (4).MP4,True,25.0,122.0,4.88,1920.0,1080.0
shall we go outside,outside.MP4,C:\Users\nisho\OneDrive\Desktop\ISL-rec\data\raw\ISL_CSLRT_Corpus\Videos_Sentence_Level\shall we go outside\outside.MP4,True,25.0,108.0,4.32,1920.0,1080.0
speak softly,softly (2).MP4,C:\Users\nisho\OneDrive\Desktop\ISL-rec\data\raw\ISL_CSLRT_Corpus\Videos_Sentence_Level\speak softly\softly (2).MP4,True,25.0,82.0,3.28,1920.0,1080.0
speak softly,softly (3).MP4,C:\Users\nisho\OneDrive\Desktop\ISL-rec\data\raw\ISL_CSLRT_Corpus\Videos_Sentence_Level\speak softly\softly (3).MP4,True,25.0,101.0,4.04,1920.0,1080.0
speak softly,softly (4).MP4,C:\Users\nisho\OneDrive\Desktop\ISL-rec\data\raw\ISL_CSLRT_Corpus\Videos_Sentence_Level\speak softly\softly (4).MP4,True,25.0,84.0,3.36,1920.0,1080.0
speak softly,softly (5).MP4,C:\Users\nisho\OneDrive\Desktop\ISL-rec\data\raw\ISL_CSLRT_Corpus\Videos_Sentence_Level\speak softly\softly (5).MP4,True,25.0,75.0,3.0,1920.0,1080.0
speak softly,softly 1.MP4,C:\Users\nisho\OneDrive\Desktop\ISL-rec\data\raw\ISL_CSLRT_Corpus\Videos_Sentence_Level\speak softly\softly 1.MP4,True,25.0,90.0,3.6,1920.0,1080.0
speak softly,softly.MP4,C:\Users\nisho\OneDrive\Desktop\ISL-rec\data\raw\ISL_CSLRT_Corpus\Videos_Sentence_Level\speak softly\softly.MP4,True,25.0,89.0,3.56,1920.0,1080.0
take care of yourself,Take care (2).MP4,C:\Users\nisho\OneDrive\Desktop\ISL-rec\data\raw\ISL_CSLRT_Corpus\Videos_Sentence_Level\take care of yourself\Take care (2).MP4,True,25.0,99.0,3.96,1920.0,1080.0
take care of yourself,take care (3).MP4,C:\Users\nisho\OneDrive\Desktop\ISL-rec\data\raw\ISL_CSLRT_Corpus\Videos_Sentence_Level\take care of yourself\take care (3).MP4,True,25.0,121.0,4.84,1920.0,1080.0
take care of yourself,take care (4).MP4,C:\Users\nisho\OneDrive\Desktop\ISL-rec\data\raw\ISL_CSLRT_Corpus\Videos_Sentence_Level\take care of yourself\take care (4).MP4,True,25.0,102.0,4.08,1920.0,1080.0
take care of yourself,take care (5).MP4,C:\Users\nisho\OneDrive\Desktop\ISL-rec\data\raw\ISL_CSLRT_Corpus\Videos_Sentence_Level\take care of yourself\take care (5).MP4,True,25.0,120.0,4.8,1920.0,1080.0
take care of yourself,take care.MP4,C:\Users\nisho\OneDrive\Desktop\ISL-rec\data\raw\ISL_CSLRT_Corpus\Videos_Sentence_Level\take care of yourself\take care.MP4,True,25.0,130.0,5.2,1920.0,1080.0
tell me truth,truth (2).MP4,C:\Users\nisho\OneDrive\Desktop\ISL-rec\data\raw\ISL_CSLRT_Corpus\Videos_Sentence_Level\tell me truth\truth (2).MP4,True,25.0,84.0,3.36,1920.0,1080.0
tell me truth,truth (3).MP4,C:\Users\nisho\OneDrive\Desktop\ISL-rec\data\raw\ISL_CSLRT_Corpus\Videos_Sentence_Level\tell me truth\truth (3).MP4,True,25.0,73.0,2.92,1920.0,1080.0
tell me truth,truth (4).MP4,C:\Users\nisho\OneDrive\Desktop\ISL-rec\data\raw\ISL_CSLRT_Corpus\Videos_Sentence_Level\tell me truth\truth (4).MP4,True,25.0,81.0,3.24,1920.0,1080.0
tell me truth,truth.MP4,C:\Users\nisho\OneDrive\Desktop\ISL-rec\data\raw\ISL_CSLRT_Corpus\Videos_Sentence_Level\tell me truth\truth.MP4,True,25.0,77.0,3.08,1920.0,1080.0
thank you so much,thank you so much (1).MP4,C:\Users\nisho\OneDrive\Desktop\ISL-rec\data\raw\ISL_CSLRT_Corpus\Videos_Sentence_Level\thank you so much\thank you so much (1).MP4,True,25.0,108.0,4.32,1920.0,1080.0
thank you so much,thank you so much (3).MP4,C:\Users\nisho\OneDrive\Desktop\ISL-rec\data\raw\ISL_CSLRT_Corpus\Videos_Sentence_Level\thank you so much\thank you so much (3).MP4,True,25.0,98.0,3.92,1920.0,1080.0
thank you so much,thank you so much (4).MP4,C:\Users\nisho\OneDrive\Desktop\ISL-rec\data\raw\ISL_CSLRT_Corpus\Videos_Sentence_Level\thank you so much\thank you so much (4).MP4,True,25.0,100.0,4.0,1920.0,1080.0
thank you so much,thank you so much (5).MP4,C:\Users\nisho\OneDrive\Desktop\ISL-rec\data\raw\ISL_CSLRT_Corpus\Videos_Sentence_Level\thank you so much\thank you so much (5).MP4,True,25.0,81.0,3.24,1920.0,1080.0
thank you so much,thank you so much (6).MP4,C:\Users\nisho\OneDrive\Desktop\ISL-rec\data\raw\ISL_CSLRT_Corpus\Videos_Sentence_Level\thank you so much\thank you so much (6).MP4,True,25.0,77.0,3.08,1920.0,1080.0
that is so kind of you,MVI_6106.MP4,C:\Users\nisho\OneDrive\Desktop\ISL-rec\data\raw\ISL_CSLRT_Corpus\Videos_Sentence_Level\that is so kind of you\MVI_6106.MP4,True,25.0,100.0,4.0,1920.0,1080.0
that is so kind of you,MVI_6396.MP4,C:\Users\nisho\OneDrive\Desktop\ISL-rec\data\raw\ISL_CSLRT_Corpus\Videos_Sentence_Level\that is so kind of you\MVI_6396.MP4,True,25.0,116.0,4.64,1920.0,1080.0
that is so kind of you,MVI_6540.MP4,C:\Users\nisho\OneDrive\Desktop\ISL-rec\data\raw\ISL_CSLRT_Corpus\Videos_Sentence_Level\that is so kind of you\MVI_6540.MP4,True,25.0,87.0,3.48,1920.0,1080.0
that is so kind of you,MVI_6722.MP4,C:\Users\nisho\OneDrive\Desktop\ISL-rec\data\raw\ISL_CSLRT_Corpus\Videos_Sentence_Level\that is so kind of you\MVI_6722.MP4,True,25.0,94.0,3.76,1920.0,1080.0
that is so kind of you,MVI_6850.MP4,C:\Users\nisho\OneDrive\Desktop\ISL-rec\data\raw\ISL_CSLRT_Corpus\Videos_Sentence_Level\that is so kind of you\MVI_6850.MP4,True,25.0,79.0,3.16,1920.0,1080.0
This place is beautiful,beautiful (2).MP4,C:\Users\nisho\OneDrive\Desktop\ISL-rec\data\raw\ISL_CSLRT_Corpus\Videos_Sentence_Level\This place is beautiful\beautiful (2).MP4,True,25.0,128.0,5.12,1920.0,1080.0
This place is beautiful,beautiful (3).MP4,C:\Users\nisho\OneDrive\Desktop\ISL-rec\data\raw\ISL_CSLRT_Corpus\Videos_Sentence_Level\This place is beautiful\beautiful (3).MP4,True,25.0,95.0,3.8,1920.0,1080.0
This place is beautiful,beautiful (4).MP4,C:\Users\nisho\OneDrive\Desktop\ISL-rec\data\raw\ISL_CSLRT_Corpus\Videos_Sentence_Level\This place is beautiful\beautiful (4).MP4,True,25.0,112.0,4.48,1920.0,1080.0
This place is beautiful,beautiful.MP4,C:\Users\nisho\OneDrive\Desktop\ISL-rec\data\raw\ISL_CSLRT_Corpus\Videos_Sentence_Level\This place is beautiful\beautiful.MP4,True,25.0,97.0,3.88,1920.0,1080.0
This place is beautiful,MVI_6502.MP4,C:\Users\nisho\OneDrive\Desktop\ISL-rec\data\raw\ISL_CSLRT_Corpus\Videos_Sentence_Level\This place is beautiful\MVI_6502.MP4,True,25.0,105.0,4.2,1920.0,1080.0
try to understand,understand (2).MP4,C:\Users\nisho\OneDrive\Desktop\ISL-rec\data\raw\ISL_CSLRT_Corpus\Videos_Sentence_Level\try to understand\understand (2).MP4,True,25.0,145.0,5.8,1920.0,1080.0
try to understand,understand (3).MP4,C:\Users\nisho\OneDrive\Desktop\ISL-rec\data\raw\ISL_CSLRT_Corpus\Videos_Sentence_Level\try to understand\understand (3).MP4,True,25.0,139.0,5.56,1920.0,1080.0
try to understand,understand (4).MP4,C:\Users\nisho\OneDrive\Desktop\ISL-rec\data\raw\ISL_CSLRT_Corpus\Videos_Sentence_Level\try to understand\understand (4).MP4,True,25.0,130.0,5.2,1920.0,1080.0
try to understand,understand (5).MP4,C:\Users\nisho\OneDrive\Desktop\ISL-rec\data\raw\ISL_CSLRT_Corpus\Videos_Sentence_Level\try to understand\understand (5).MP4,True,25.0,145.0,5.8,1920.0,1080.0
try to understand,understand.MP4,C:\Users\nisho\OneDrive\Desktop\ISL-rec\data\raw\ISL_CSLRT_Corpus\Videos_Sentence_Level\try to understand\understand.MP4,True,25.0,119.0,4.76,1920.0,1080.0
turn on light turn off light,turn on (2).MP4,C:\Users\nisho\OneDrive\Desktop\ISL-rec\data\raw\ISL_CSLRT_Corpus\Videos_Sentence_Level\turn on light turn off light\turn on (2).MP4,True,25.0,74.0,2.96,1920.0,1080.0
turn on light turn off light,turn on (3).MP4,C:\Users\nisho\OneDrive\Desktop\ISL-rec\data\raw\ISL_CSLRT_Corpus\Videos_Sentence_Level\turn on light turn off light\turn on (3).MP4,True,25.0,93.0,3.72,1920.0,1080.0
turn on light turn off light,turn on (4).MP4,C:\Users\nisho\OneDrive\Desktop\ISL-rec\data\raw\ISL_CSLRT_Corpus\Videos_Sentence_Level\turn on light turn off light\turn on (4).MP4,True,25.0,66.0,2.64,1920.0,1080.0
turn on light turn off light,turn on (5).MP4,C:\Users\nisho\OneDrive\Desktop\ISL-rec\data\raw\ISL_CSLRT_Corpus\Videos_Sentence_Level\turn on light turn off light\turn on (5).MP4,True,25.0,81.0,3.24,1920.0,1080.0
turn on light turn off light,turn on.MP4,C:\Users\nisho\OneDrive\Desktop\ISL-rec\data\raw\ISL_CSLRT_Corpus\Videos_Sentence_Level\turn on light turn off light\turn on.MP4,True,25.0,65.0,2.6,1920.0,1080.0
we are all with you,all.MP4,C:\Users\nisho\OneDrive\Desktop\ISL-rec\data\raw\ISL_CSLRT_Corpus\Videos_Sentence_Level\we are all with you\all.MP4,True,25.0,114.0,4.56,1920.0,1080.0
we are all with you,MVI_6208.MP4,C:\Users\nisho\OneDrive\Desktop\ISL-rec\data\raw\ISL_CSLRT_Corpus\Videos_Sentence_Level\we are all with you\MVI_6208.MP4,True,25.0,89.0,3.56,1920.0,1080.0
we are all with you,MVI_6506.MP4,C:\Users\nisho\OneDrive\Desktop\ISL-rec\data\raw\ISL_CSLRT_Corpus\Videos_Sentence_Level\we are all with you\MVI_6506.MP4,True,25.0,86.0,3.44,1920.0,1080.0
we are all with you,MVI_6684.MP4,C:\Users\nisho\OneDrive\Desktop\ISL-rec\data\raw\ISL_CSLRT_Corpus\Videos_Sentence_Level\we are all with you\MVI_6684.MP4,True,25.0,80.0,3.2,1920.0,1080.0
we are all with you,MVI_6957.MP4,C:\Users\nisho\OneDrive\Desktop\ISL-rec\data\raw\ISL_CSLRT_Corpus\Videos_Sentence_Level\we are all with you\MVI_6957.MP4,True,25.0,99.0,3.96,1920.0,1080.0
wear the shirt,shirt (2).MP4,C:\Users\nisho\OneDrive\Desktop\ISL-rec\data\raw\ISL_CSLRT_Corpus\Videos_Sentence_Level\wear the shirt\shirt (2).MP4,True,25.0,69.0,2.76,1920.0,1080.0
wear the shirt,shirt (3).MP4,C:\Users\nisho\OneDrive\Desktop\ISL-rec\data\raw\ISL_CSLRT_Corpus\Videos_Sentence_Level\wear the shirt\shirt (3).MP4,True,25.0,94.0,3.76,1920.0,1080.0
wear the shirt,shirt (4).MP4,C:\Users\nisho\OneDrive\Desktop\ISL-rec\data\raw\ISL_CSLRT_Corpus\Videos_Sentence_Level\wear the shirt\shirt (4).MP4,True,25.0,110.0,4.4,1920.0,1080.0
wear the shirt,shirt (5).MP4,C:\Users\nisho\OneDrive\Desktop\ISL-rec\data\raw\ISL_CSLRT_Corpus\Videos_Sentence_Level\wear the shirt\shirt (5).MP4,True,25.0,100.0,4.0,1920.0,1080.0
wear the shirt,shirt.MP4,C:\Users\nisho\OneDrive\Desktop\ISL-rec\data\raw\ISL_CSLRT_Corpus\Videos_Sentence_Level\wear the shirt\shirt.MP4,True,25.0,82.0,3.28,1920.0,1080.0
what are you doing,what are you doing (1).MP4,C:\Users\nisho\OneDrive\Desktop\ISL-rec\data\raw\ISL_CSLRT_Corpus\Videos_Sentence_Level\what are you doing\what are you doing (1).MP4,True,25.0,93.0,3.72,1920.0,1080.0
what are you doing,what are you doing (3).MP4,C:\Users\nisho\OneDrive\Desktop\ISL-rec\data\raw\ISL_CSLRT_Corpus\Videos_Sentence_Level\what are you doing\what are you doing (3).MP4,True,25.0,92.0,3.68,1920.0,1080.0
what are you doing,what are you doing (4).MP4,C:\Users\nisho\OneDrive\Desktop\ISL-rec\data\raw\ISL_CSLRT_Corpus\Videos_Sentence_Level\what are you doing\what are you doing (4).MP4,True,25.0,93.0,3.72,1920.0,1080.0
what are you doing,what are you doing (5).MP4,C:\Users\nisho\OneDrive\Desktop\ISL-rec\data\raw\ISL_CSLRT_Corpus\Videos_Sentence_Level\what are you doing\what are you doing (5).MP4,True,25.0,112.0,4.48,1920.0,1080.0
what are you doing,what are you doing (6).MP4,C:\Users\nisho\OneDrive\Desktop\ISL-rec\data\raw\ISL_CSLRT_Corpus\Videos_Sentence_Level\what are you doing\what are you doing (6).MP4,True,25.0,99.0,3.96,1920.0,1080.0
what did you tell him,MVI_6497.MP4,C:\Users\nisho\OneDrive\Desktop\ISL-rec\data\raw\ISL_CSLRT_Corpus\Videos_Sentence_Level\what did you tell him\MVI_6497.MP4,True,25.0,83.0,3.32,1920.0,1080.0
what did you tell him,tell him (2).MP4,C:\Users\nisho\OneDrive\Desktop\ISL-rec\data\raw\ISL_CSLRT_Corpus\Videos_Sentence_Level\what did you tell him\tell him (2).MP4,True,25.0,81.0,3.24,1920.0,1080.0
what did you tell him,tell him (3).MP4,C:\Users\nisho\OneDrive\Desktop\ISL-rec\data\raw\ISL_CSLRT_Corpus\Videos_Sentence_Level\what did you tell him\tell him (3).MP4,True,25.0,106.0,4.24,1920.0,1080.0
what did you tell him,tell him (4).MP4,C:\Users\nisho\OneDrive\Desktop\ISL-rec\data\raw\ISL_CSLRT_Corpus\Videos_Sentence_Level\what did you tell him\tell him (4).MP4,True,25.0,102.0,4.08,1920.0,1080.0
what did you tell him,tell him.MP4,C:\Users\nisho\OneDrive\Desktop\ISL-rec\data\raw\ISL_CSLRT_Corpus\Videos_Sentence_Level\what did you tell him\tell him.MP4,True,25.0,77.0,3.08,1920.0,1080.0
what do you do,what do you do (1).MP4,C:\Users\nisho\OneDrive\Desktop\ISL-rec\data\raw\ISL_CSLRT_Corpus\Videos_Sentence_Level\what do you do\what do you do (1).MP4,True,25.0,92.0,3.68,1920.0,1080.0
what do you do,what do you do (3).MP4,C:\Users\nisho\OneDrive\Desktop\ISL-rec\data\raw\ISL_CSLRT_Corpus\Videos_Sentence_Level\what do you do\what do you do (3).MP4,True,25.0,89.0,3.56,1920.0,1080.0
what do you do,what do you do (4).MP4,C:\Users\nisho\OneDrive\Desktop\ISL-rec\data\raw\ISL_CSLRT_Corpus\Videos_Sentence_Level\what do you do\what do you do (4).MP4,True,25.0,99.0,3.96,1920.0,1080.0
what do you do,what do you do (5).MP4,C:\Users\nisho\OneDrive\Desktop\ISL-rec\data\raw\ISL_CSLRT_Corpus\Videos_Sentence_Level\what do you do\what do you do (5).MP4,True,25.0,89.0,3.56,1920.0,1080.0
what do you think,what do you think (1).MP4,C:\Users\nisho\OneDrive\Desktop\ISL-rec\data\raw\ISL_CSLRT_Corpus\Videos_Sentence_Level\what do you think\what do you think (1).MP4,True,25.0,99.0,3.96,1920.0,1080.0
what do you think,what do you think (3).MP4,C:\Users\nisho\OneDrive\Desktop\ISL-rec\data\raw\ISL_CSLRT_Corpus\Videos_Sentence_Level\what do you think\what do you think (3).MP4,True,25.0,79.0,3.16,1920.0,1080.0
what do you think,what do you think (4).MP4,C:\Users\nisho\OneDrive\Desktop\ISL-rec\data\raw\ISL_CSLRT_Corpus\Videos_Sentence_Level\what do you think\what do you think (4).MP4,True,25.0,75.0,3.0,1920.0,1080.0
what do you think,what do you think (5).MP4,C:\Users\nisho\OneDrive\Desktop\ISL-rec\data\raw\ISL_CSLRT_Corpus\Videos_Sentence_Level\what do you think\what do you think (5).MP4,True,25.0,100.0,4.0,1920.0,1080.0
what do you think,what do you think (6).MP4,C:\Users\nisho\OneDrive\Desktop\ISL-rec\data\raw\ISL_CSLRT_Corpus\Videos_Sentence_Level\what do you think\what do you think (6).MP4,True,25.0,86.0,3.44,1920.0,1080.0
what do you want to become,become (2).MP4,C:\Users\nisho\OneDrive\Desktop\ISL-rec\data\raw\ISL_CSLRT_Corpus\Videos_Sentence_Level\what do you want to become\become (2).MP4,True,25.0,85.0,3.4,1920.0,1080.0
what do you want to become,become (3).MP4,C:\Users\nisho\OneDrive\Desktop\ISL-rec\data\raw\ISL_CSLRT_Corpus\Videos_Sentence_Level\what do you want to become\become (3).MP4,True,25.0,113.0,4.52,1920.0,1080.0
what do you want to become,become (4).MP4,C:\Users\nisho\OneDrive\Desktop\ISL-rec\data\raw\ISL_CSLRT_Corpus\Videos_Sentence_Level\what do you want to become\become (4).MP4,True,25.0,92.0,3.68,1920.0,1080.0
what do you want to become,become (5).MP4,C:\Users\nisho\OneDrive\Desktop\ISL-rec\data\raw\ISL_CSLRT_Corpus\Videos_Sentence_Level\what do you want to become\become (5).MP4,True,25.0,104.0,4.16,1920.0,1080.0
what do you want to become,become.MP4,C:\Users\nisho\OneDrive\Desktop\ISL-rec\data\raw\ISL_CSLRT_Corpus\Videos_Sentence_Level\what do you want to become\become.MP4,True,25.0,96.0,3.84,1920.0,1080.0
what happened,happen.MP4,C:\Users\nisho\OneDrive\Desktop\ISL-rec\data\raw\ISL_CSLRT_Corpus\Videos_Sentence_Level\what happened\happen.MP4,True,25.0,94.0,3.76,1920.0,1080.0
what happened,happened (2).MP4,C:\Users\nisho\OneDrive\Desktop\ISL-rec\data\raw\ISL_CSLRT_Corpus\Videos_Sentence_Level\what happened\happened (2).MP4,True,25.0,89.0,3.56,1920.0,1080.0
what happened,happened (3).MP4,C:\Users\nisho\OneDrive\Desktop\ISL-rec\data\raw\ISL_CSLRT_Corpus\Videos_Sentence_Level\what happened\happened (3).MP4,True,25.0,89.0,3.56,1920.0,1080.0
what happened,happened.MP4,C:\Users\nisho\OneDrive\Desktop\ISL-rec\data\raw\ISL_CSLRT_Corpus\Videos_Sentence_Level\what happened\happened.MP4,True,25.0,62.0,2.48,1920.0,1080.0
what happened,MVI_6495.MP4,C:\Users\nisho\OneDrive\Desktop\ISL-rec\data\raw\ISL_CSLRT_Corpus\Videos_Sentence_Level\what happened\MVI_6495.MP4,True,25.0,94.0,3.76,1920.0,1080.0
what have you planned for your career,MVI_6499.MP4,C:\Users\nisho\OneDrive\Desktop\ISL-rec\data\raw\ISL_CSLRT_Corpus\Videos_Sentence_Level\what have you planned for your career\MVI_6499.MP4,True,25.0,146.0,5.84,1920.0,1080.0
what is your phone number,what is your phone number (1).MP4,C:\Users\nisho\OneDrive\Desktop\ISL-rec\data\raw\ISL_CSLRT_Corpus\Videos_Sentence_Level\what is your phone number\what is your phone number (1).MP4,True,25.0,147.0,5.88,1920.0,1080.0
what is your phone number,what is your phone number (3).MP4,C:\Users\nisho\OneDrive\Desktop\ISL-rec\data\raw\ISL_CSLRT_Corpus\Videos_Sentence_Level\what is your phone number\what is your phone number (3).MP4,True,25.0,116.0,4.64,1920.0,1080.0
what is your phone number,what is your phone number (4).MP4,C:\Users\nisho\OneDrive\Desktop\ISL-rec\data\raw\ISL_CSLRT_Corpus\Videos_Sentence_Level\what is your phone number\what is your phone number (4).MP4,True,25.0,138.0,5.52,1920.0,1080.0
what is your phone number,what is your phone number (5).MP4,C:\Users\nisho\OneDrive\Desktop\ISL-rec\data\raw\ISL_CSLRT_Corpus\Videos_Sentence_Level\what is your phone number\what is your phone number (5).MP4,True,25.0,134.0,5.36,1920.0,1080.0
what is your phone number,what is your phone number (6).MP4,C:\Users\nisho\OneDrive\Desktop\ISL-rec\data\raw\ISL_CSLRT_Corpus\Videos_Sentence_Level\what is your phone number\what is your phone number (6).MP4,True,25.0,112.0,4.48,1920.0,1080.0
what you want,what you want (1).MP4,C:\Users\nisho\OneDrive\Desktop\ISL-rec\data\raw\ISL_CSLRT_Corpus\Videos_Sentence_Level\what you want\what you want (1).MP4,True,25.0,88.0,3.52,1920.0,1080.0
what you want,what you want (3).MP4,C:\Users\nisho\OneDrive\Desktop\ISL-rec\data\raw\ISL_CSLRT_Corpus\Videos_Sentence_Level\what you want\what you want (3).MP4,True,25.0,92.0,3.68,1920.0,1080.0
what you want,what you want (4).MP4,C:\Users\nisho\OneDrive\Desktop\ISL-rec\data\raw\ISL_CSLRT_Corpus\Videos_Sentence_Level\what you want\what you want (4).MP4,True,25.0,105.0,4.2,1920.0,1080.0
what you want,what you want (5).MP4,C:\Users\nisho\OneDrive\Desktop\ISL-rec\data\raw\ISL_CSLRT_Corpus\Videos_Sentence_Level\what you want\what you want (5).MP4,True,25.0,94.0,3.76,1920.0,1080.0
what you want,what you want (6).MP4,C:\Users\nisho\OneDrive\Desktop\ISL-rec\data\raw\ISL_CSLRT_Corpus\Videos_Sentence_Level\what you want\what you want (6).MP4,True,25.0,93.0,3.72,1920.0,1080.0
when will the train leave,leave (2).MP4,C:\Users\nisho\OneDrive\Desktop\ISL-rec\data\raw\ISL_CSLRT_Corpus\Videos_Sentence_Level\when will the train leave\leave (2).MP4,True,25.0,119.0,4.76,1920.0,1080.0
when will the train leave,leave (3).MP4,C:\Users\nisho\OneDrive\Desktop\ISL-rec\data\raw\ISL_CSLRT_Corpus\Videos_Sentence_Level\when will the train leave\leave (3).MP4,True,25.0,110.0,4.4,1920.0,1080.0
when will the train leave,leave (4).MP4,C:\Users\nisho\OneDrive\Desktop\ISL-rec\data\raw\ISL_CSLRT_Corpus\Videos_Sentence_Level\when will the train leave\leave (4).MP4,True,25.0,107.0,4.28,1920.0,1080.0
when will the train leave,leave (5).MP4,C:\Users\nisho\OneDrive\Desktop\ISL-rec\data\raw\ISL_CSLRT_Corpus\Videos_Sentence_Level\when will the train leave\leave (5).MP4,True,25.0,117.0,4.68,1920.0,1080.0
when will the train leave,leave.MP4,C:\Users\nisho\OneDrive\Desktop\ISL-rec\data\raw\ISL_CSLRT_Corpus\Videos_Sentence_Level\when will the train leave\leave.MP4,True,25.0,121.0,4.84,1920.0,1080.0
where are you from,where are you from (1).MP4,C:\Users\nisho\OneDrive\Desktop\ISL-rec\data\raw\ISL_CSLRT_Corpus\Videos_Sentence_Level\where are you from\where are you from (1).MP4,True,25.0,96.0,3.84,1920.0,1080.0
where are you from,where are you from (3).MP4,C:\Users\nisho\OneDrive\Desktop\ISL-rec\data\raw\ISL_CSLRT_Corpus\Videos_Sentence_Level\where are you from\where are you from (3).MP4,True,25.0,95.0,3.8,1920.0,1080.0
where are you from,where are you from (4).MP4,C:\Users\nisho\OneDrive\Desktop\ISL-rec\data\raw\ISL_CSLRT_Corpus\Videos_Sentence_Level\where are you from\where are you from (4).MP4,True,25.0,95.0,3.8,1920.0,1080.0
where are you from,where are you from (5).MP4,C:\Users\nisho\OneDrive\Desktop\ISL-rec\data\raw\ISL_CSLRT_Corpus\Videos_Sentence_Level\where are you from\where are you from (5).MP4,True,25.0,96.0,3.84,1920.0,1080.0
which collegeschool are you from,college school (2).MP4,C:\Users\nisho\OneDrive\Desktop\ISL-rec\data\raw\ISL_CSLRT_Corpus\Videos_Sentence_Level\which collegeschool are you from\college school (2).MP4,True,25.0,174.0,6.96,1920.0,1080.0
which collegeschool are you from,college school (3).MP4,C:\Users\nisho\OneDrive\Desktop\ISL-rec\data\raw\ISL_CSLRT_Corpus\Videos_Sentence_Level\which collegeschool are you from\college school (3).MP4,True,25.0,149.0,5.96,1920.0,1080.0
which collegeschool are you from,college school.MP4,C:\Users\nisho\OneDrive\Desktop\ISL-rec\data\raw\ISL_CSLRT_Corpus\Videos_Sentence_Level\which collegeschool are you from\college school.MP4,True,25.0,141.0,5.64,1920.0,1080.0
which collegeschool are you from,school college (2).MP4,C:\Users\nisho\OneDrive\Desktop\ISL-rec\data\raw\ISL_CSLRT_Corpus\Videos_Sentence_Level\which collegeschool are you from\school college (2).MP4,True,25.0,192.0,7.68,1920.0,1080.0
which collegeschool are you from,school college.MP4,C:\Users\nisho\OneDrive\Desktop\ISL-rec\data\raw\ISL_CSLRT_Corpus\Videos_Sentence_Level\which collegeschool are you from\school college.MP4,True,25.0,129.0,5.16,1920.0,1080.0
who are you,who are you (1).MP4,C:\Users\nisho\OneDrive\Desktop\ISL-rec\data\raw\ISL_CSLRT_Corpus\Videos_Sentence_Level\who are you\who are you (1).MP4,True,25.0,106.0,4.24,1920.0,1080.0
who are you,who are you (3).MP4,C:\Users\nisho\OneDrive\Desktop\ISL-rec\data\raw\ISL_CSLRT_Corpus\Videos_Sentence_Level\who are you\who are you (3).MP4,True,25.0,83.0,3.32,1920.0,1080.0
who are you,who are you (4).MP4,C:\Users\nisho\OneDrive\Desktop\ISL-rec\data\raw\ISL_CSLRT_Corpus\Videos_Sentence_Level\who are you\who are you (4).MP4,True,25.0,75.0,3.0,1920.0,1080.0
who are you,who are you (5).MP4,C:\Users\nisho\OneDrive\Desktop\ISL-rec\data\raw\ISL_CSLRT_Corpus\Videos_Sentence_Level\who are you\who are you (5).MP4,True,25.0,70.0,2.8,1920.0,1080.0
who are you,who are you (6).MP4,C:\Users\nisho\OneDrive\Desktop\ISL-rec\data\raw\ISL_CSLRT_Corpus\Videos_Sentence_Level\who are you\who are you (6).MP4,True,25.0,87.0,3.48,1920.0,1080.0
why are you angry,angry (2).MP4,C:\Users\nisho\OneDrive\Desktop\ISL-rec\data\raw\ISL_CSLRT_Corpus\Videos_Sentence_Level\why are you angry\angry (2).MP4,True,25.0,88.0,3.52,1920.0,1080.0
why are you angry,angry (3).MP4,C:\Users\nisho\OneDrive\Desktop\ISL-rec\data\raw\ISL_CSLRT_Corpus\Videos_Sentence_Level\why are you angry\angry (3).MP4,True,25.0,93.0,3.72,1920.0,1080.0
why are you angry,angry (4).MP4,C:\Users\nisho\OneDrive\Desktop\ISL-rec\data\raw\ISL_CSLRT_Corpus\Videos_Sentence_Level\why are you angry\angry (4).MP4,True,25.0,99.0,3.96,1920.0,1080.0
why are you angry,angry (5).MP4,C:\Users\nisho\OneDrive\Desktop\ISL-rec\data\raw\ISL_CSLRT_Corpus\Videos_Sentence_Level\why are you angry\angry (5).MP4,True,25.0,93.0,3.72,1920.0,1080.0
why are you angry,angry.MP4,C:\Users\nisho\OneDrive\Desktop\ISL-rec\data\raw\ISL_CSLRT_Corpus\Videos_Sentence_Level\why are you angry\angry.MP4,True,25.0,79.0,3.16,1920.0,1080.0
why are you crying,crying (2).MP4,C:\Users\nisho\OneDrive\Desktop\ISL-rec\data\raw\ISL_CSLRT_Corpus\Videos_Sentence_Level\why are you crying\crying (2).MP4,True,25.0,100.0,4.0,1920.0,1080.0
why are you crying,crying (3).MP4,C:\Users\nisho\OneDrive\Desktop\ISL-rec\data\raw\ISL_CSLRT_Corpus\Videos_Sentence_Level\why are you crying\crying (3).MP4,True,25.0,116.0,4.64,1920.0,1080.0
why are you crying,crying (4).MP4,C:\Users\nisho\OneDrive\Desktop\ISL-rec\data\raw\ISL_CSLRT_Corpus\Videos_Sentence_Level\why are you crying\crying (4).MP4,True,25.0,91.0,3.64,1920.0,1080.0
why are you crying,crying (5).MP4,C:\Users\nisho\OneDrive\Desktop\ISL-rec\data\raw\ISL_CSLRT_Corpus\Videos_Sentence_Level\why are you crying\crying (5).MP4,True,25.0,100.0,4.0,1920.0,1080.0
why are you crying,crying.MP4,C:\Users\nisho\OneDrive\Desktop\ISL-rec\data\raw\ISL_CSLRT_Corpus\Videos_Sentence_Level\why are you crying\crying.MP4,True,25.0,100.0,4.0,1920.0,1080.0
why are you disappointed,disappointed (2).MP4,C:\Users\nisho\OneDrive\Desktop\ISL-rec\data\raw\ISL_CSLRT_Corpus\Videos_Sentence_Level\why are you disappointed\disappointed (2).MP4,True,25.0,123.0,4.92,1920.0,1080.0
why are you disappointed,disappointed (3).MP4,C:\Users\nisho\OneDrive\Desktop\ISL-rec\data\raw\ISL_CSLRT_Corpus\Videos_Sentence_Level\why are you disappointed\disappointed (3).MP4,True,25.0,103.0,4.12,1920.0,1080.0
why are you disappointed,disappointed (4).MP4,C:\Users\nisho\OneDrive\Desktop\ISL-rec\data\raw\ISL_CSLRT_Corpus\Videos_Sentence_Level\why are you disappointed\disappointed (4).MP4,True,25.0,99.0,3.96,1920.0,1080.0
why are you disappointed,disappointed (5).MP4,C:\Users\nisho\OneDrive\Desktop\ISL-rec\data\raw\ISL_CSLRT_Corpus\Videos_Sentence_Level\why are you disappointed\disappointed (5).MP4,True,25.0,116.0,4.64,1920.0,1080.0
why are you disappointed,disappointed.MP4,C:\Users\nisho\OneDrive\Desktop\ISL-rec\data\raw\ISL_CSLRT_Corpus\Videos_Sentence_Level\why are you disappointed\disappointed.MP4,True,25.0,94.0,3.76,1920.0,1080.0
you are bad,bad (2).MP4,C:\Users\nisho\OneDrive\Desktop\ISL-rec\data\raw\ISL_CSLRT_Corpus\Videos_Sentence_Level\you are bad\bad (2).MP4,True,25.0,77.0,3.08,1920.0,1080.0
you are bad,bad (3).MP4,C:\Users\nisho\OneDrive\Desktop\ISL-rec\data\raw\ISL_CSLRT_Corpus\Videos_Sentence_Level\you are bad\bad (3).MP4,True,25.0,76.0,3.04,1920.0,1080.0
you are bad,bad (4).MP4,C:\Users\nisho\OneDrive\Desktop\ISL-rec\data\raw\ISL_CSLRT_Corpus\Videos_Sentence_Level\you are bad\bad (4).MP4,True,25.0,73.0,2.92,1920.0,1080.0
you are bad,bad (5).MP4,C:\Users\nisho\OneDrive\Desktop\ISL-rec\data\raw\ISL_CSLRT_Corpus\Videos_Sentence_Level\you are bad\bad (5).MP4,True,25.0,58.0,2.32,1920.0,1080.0
you are bad,bad 1.MP4,C:\Users\nisho\OneDrive\Desktop\ISL-rec\data\raw\ISL_CSLRT_Corpus\Videos_Sentence_Level\you are bad\bad 1.MP4,True,25.0,101.0,4.04,1920.0,1080.0
you are bad,bad.MP4,C:\Users\nisho\OneDrive\Desktop\ISL-rec\data\raw\ISL_CSLRT_Corpus\Videos_Sentence_Level\you are bad\bad.MP4,True,25.0,75.0,3.0,1920.0,1080.0
you are good,good (2).MP4,C:\Users\nisho\OneDrive\Desktop\ISL-rec\data\raw\ISL_CSLRT_Corpus\Videos_Sentence_Level\you are good\good (2).MP4,True,25.0,71.0,2.84,1920.0,1080.0
you are good,good (3).MP4,C:\Users\nisho\OneDrive\Desktop\ISL-rec\data\raw\ISL_CSLRT_Corpus\Videos_Sentence_Level\you are good\good (3).MP4,True,25.0,69.0,2.76,1920.0,1080.0
you are good,good (4).MP4,C:\Users\nisho\OneDrive\Desktop\ISL-rec\data\raw\ISL_CSLRT_Corpus\Videos_Sentence_Level\you are good\good (4).MP4,True,25.0,70.0,2.8,1920.0,1080.0
you are good,good (5).MP4,C:\Users\nisho\OneDrive\Desktop\ISL-rec\data\raw\ISL_CSLRT_Corpus\Videos_Sentence_Level\you are good\good (5).MP4,True,25.0,76.0,3.04,1920.0,1080.0
you are good,good.MP4,C:\Users\nisho\OneDrive\Desktop\ISL-rec\data\raw\ISL_CSLRT_Corpus\Videos_Sentence_Level\you are good\good.MP4,True,25.0,66.0,2.64,1920.0,1080.0
you are welcome,welcome (2).MP4,C:\Users\nisho\OneDrive\Desktop\ISL-rec\data\raw\ISL_CSLRT_Corpus\Videos_Sentence_Level\you are welcome\welcome (2).MP4,True,25.0,51.0,2.04,1920.0,1080.0
you are welcome,welcome (3).MP4,C:\Users\nisho\OneDrive\Desktop\ISL-rec\data\raw\ISL_CSLRT_Corpus\Videos_Sentence_Level\you are welcome\welcome (3).MP4,True,25.0,83.0,3.32,1920.0,1080.0
you are welcome,welcome (4).MP4,C:\Users\nisho\OneDrive\Desktop\ISL-rec\data\raw\ISL_CSLRT_Corpus\Videos_Sentence_Level\you are welcome\welcome (4).MP4,True,25.0,66.0,2.64,1920.0,1080.0
you are welcome,welcome (5).MP4,C:\Users\nisho\OneDrive\Desktop\ISL-rec\data\raw\ISL_CSLRT_Corpus\Videos_Sentence_Level\you are welcome\welcome (5).MP4,True,25.0,82.0,3.28,1920.0,1080.0
you are welcome,welcome.MP4,C:\Users\nisho\OneDrive\Desktop\ISL-rec\data\raw\ISL_CSLRT_Corpus\Videos_Sentence_Level\you are welcome\welcome.MP4,True,25.0,71.0,2.84,1920.0,1080.0
you can do it,can do (2).MP4,C:\Users\nisho\OneDrive\Desktop\ISL-rec\data\raw\ISL_CSLRT_Corpus\Videos_Sentence_Level\you can do it\can do (2).MP4,True,25.0,95.0,3.8,1920.0,1080.0
you can do it,can do (3).MP4,C:\Users\nisho\OneDrive\Desktop\ISL-rec\data\raw\ISL_CSLRT_Corpus\Videos_Sentence_Level\you can do it\can do (3).MP4,True,25.0,98.0,3.92,1920.0,1080.0
you can do it,can do (4).MP4,C:\Users\nisho\OneDrive\Desktop\ISL-rec\data\raw\ISL_CSLRT_Corpus\Videos_Sentence_Level\you can do it\can do (4).MP4,True,25.0,87.0,3.48,1920.0,1080.0
you can do it,can do (5).MP4,C:\Users\nisho\OneDrive\Desktop\ISL-rec\data\raw\ISL_CSLRT_Corpus\Videos_Sentence_Level\you can do it\can do (5).MP4,True,25.0,85.0,3.4,1920.0,1080.0
you can do it,can do.MP4,C:\Users\nisho\OneDrive\Desktop\ISL-rec\data\raw\ISL_CSLRT_Corpus\Videos_Sentence_Level\you can do it\can do.MP4,True,25.0,95.0,3.8,1920.0,1080.0
"you do anything, i do not care",care.MP4,"C:\Users\nisho\OneDrive\Desktop\ISL-rec\data\raw\ISL_CSLRT_Corpus\Videos_Sentence_Level\you do anything, i do not care\care.MP4",True,25.0,169.0,6.76,1920.0,1080.0
"you do anything, i do not care",donotcare.MP4,"C:\Users\nisho\OneDrive\Desktop\ISL-rec\data\raw\ISL_CSLRT_Corpus\Videos_Sentence_Level\you do anything, i do not care\donotcare.MP4",True,25.0,133.0,5.32,1920.0,1080.0
"you do anything, i do not care",dont care (2).MP4,"C:\Users\nisho\OneDrive\Desktop\ISL-rec\data\raw\ISL_CSLRT_Corpus\Videos_Sentence_Level\you do anything, i do not care\dont care (2).MP4",True,25.0,150.0,6.0,1920.0,1080.0
"you do anything, i do not care",dont care.MP4,"C:\Users\nisho\OneDrive\Desktop\ISL-rec\data\raw\ISL_CSLRT_Corpus\Videos_Sentence_Level\you do anything, i do not care\dont care.MP4",True,25.0,186.0,7.44,1920.0,1080.0
"you need a medicine, take this one",medicine (2).MP4,"C:\Users\nisho\OneDrive\Desktop\ISL-rec\data\raw\ISL_CSLRT_Corpus\Videos_Sentence_Level\you need a medicine, take this one\medicine (2).MP4",True,25.0,118.0,4.72,1920.0,1080.0
"you need a medicine, take this one",medicine (3).MP4,"C:\Users\nisho\OneDrive\Desktop\ISL-rec\data\raw\ISL_CSLRT_Corpus\Videos_Sentence_Level\you need a medicine, take this one\medicine (3).MP4",True,25.0,155.0,6.2,1920.0,1080.0
"you need a medicine, take this one",medicine (4).MP4,"C:\Users\nisho\OneDrive\Desktop\ISL-rec\data\raw\ISL_CSLRT_Corpus\Videos_Sentence_Level\you need a medicine, take this one\medicine (4).MP4",True,25.0,111.0,4.44,1920.0,1080.0
"you need a medicine, take this one",medicine (5).MP4,"C:\Users\nisho\OneDrive\Desktop\ISL-rec\data\raw\ISL_CSLRT_Corpus\Videos_Sentence_Level\you need a medicine, take this one\medicine (5).MP4",True,25.0,115.0,4.6,1920.0,1080.0
"you need a medicine, take this one",medicine.MP4,"C:\Users\nisho\OneDrive\Desktop\ISL-rec\data\raw\ISL_CSLRT_Corpus\Videos_Sentence_Level\you need a medicine, take this one\medicine.MP4",True,25.0,118.0,4.72,1920.0,1080.0
,>>> ,C:\Users\nisho\OneDrive\Desktop\ISL-rec\data\raw\>>> ,False,,,,,
